name,affiliation,homepage,scholarid
Y. C. Tay,National University of Singapore,http://www.math.nus.edu.sg/~mattyc,qAalyGsAAAAJ
Y. Charlie Hu,Purdue University,https://engineering.purdue.edu/~ychu,r1Z8YhQAAAAJ
Y. M. Ro,KAIST,http://ivylab.kaist.ac.kr/base/people/people1.php,IPzfF7cAAAAJ
Y. Murat Erten,Izmir Institute of Technology,http://ceng.iyte.edu.tr/people/murat-erten,XY_kpWgAAAAJ
Y. Narahari,IISc Bangalore,http://www.csa.iisc.ac.in/~hari,NOSCHOLARPAGE
Y. Raghu Reddy,IIIT Hyderabad,http://faculty.iiit.ac.in/~raghu.reddy,NOSCHOLARPAGE
Y. Tsiatouhas,University of Ioannina,https://cs.uoi.gr/~tsiatouhas,gHsE8pYAAAAJ
Y. Y. Yao,University of Regina,http://www.cs.uregina.ca/People/Profiles/YiyuYao.html,_aL0fcQAAAAJ
Y.N. Srikant,IISc Bangalore,http://www.csa.iisc.ac.in/~srikant,NOSCHOLARPAGE
Ya'akov (Kobi) Gal,Ben-Gurion University of the Negev,http://www.ise.bgu.ac.il/engineering/PersonalWebSite1main.aspx?id=djueVuMe,lNHuLiQAAAAJ
Ya'akov Gal,Ben-Gurion University of the Negev,http://www.ise.bgu.ac.il/engineering/PersonalWebSite1main.aspx?id=djueVuMe,lNHuLiQAAAAJ
Ya-Ping Lin,Hunan University,http://csee.hnu.edu.cn/people/linyaping,NOSCHOLARPAGE
Ya-Wen Chen,University of Otago,http://www.cs.otago.ac.nz/staff/Yawen_Chen,LyxsVekAAAAJ
Ya-sha Wang,Peking University,http://sei.pku.edu.cn/~wangys/index.htm,NOSCHOLARPAGE
Yaacov Yesha,Univ. of Maryland - Baltimore County,http://www.csee.umbc.edu/people/faculty/yaacov-yesha,NOSCHOLARPAGE
Yadati Narahari,IISc Bangalore,http://www.csa.iisc.ac.in/~hari,NOSCHOLARPAGE
Yadong Mu,Peking University,http://www.muyadong.com,Fqqx4HsAAAAJ
Yael Amsterdamer,Bar-Ilan University,https://u.cs.biu.ac.il/~amstery,70iHzEUAAAAJ
Yafei Dai,Peking University,http://eecs.pku.edu.cn/EN/People/Faculty/Detail/?ID=5999,VSvWlvkAAAAJ
Yagiz Aksoy,Simon Fraser University,https://www.cs.sfu.ca/~yagiz,AC445kUAAAAJ
Yağmur Güçlütürk,Radboud University,https://www.ru.nl/english/people/gucluturk-y,X2vDok4AAAAJ
Yahya M. Tashtoush,JUST,http://www.just.edu.jo/eportfolio/Pages/Default.aspx?email=yahya-t,7lMW0DYAAAAJ
Yair Amir,Johns Hopkins University,http://www.cs.jhu.edu/~yairamir,NOSCHOLARPAGE
Yair Bartal,Hebrew University of Jerusalem,http://www.cs.huji.ac.il/~yair,eCXP24kAAAAJ
Yair Carmon,Tel Aviv University,https://www.cs.tau.ac.il/~ycarmon,kTKmpT0AAAAJ
Yair Levy,Nova Southeastern University,http://scis.nova.edu/~levyy,P3LuC5kAAAAJ
Yair Weiss,Hebrew University of Jerusalem,http://www.cs.huji.ac.il/~yweiss,9DXQi8gAAAAJ
Yair Zick,University of Massachusetts Amherst,http://www.comp.nus.edu.sg/~zick,m0PW6DQAAAAJ
Yajin Zhou,Zhejiang University,http://yajin.org,N1oeOPwAAAAJ
Yakov Babichenko,Technion,https://web.iem.technion.ac.il/en/people/userprofile/yakovbab.html,xTcVwpsAAAAJ
Yakov Nekrich,Michigan Technological University,https://www.mtu.edu/cs/department/people/faculty/nekrich,XS3z1rkAAAAJ
Yakun Sophia Shao,Univ. of California - Berkeley,https://people.eecs.berkeley.edu/~ysshao,YoSGjoUAAAAJ
Yali Amit,University of Chicago,https://galton.uchicago.edu/~amit,NOSCHOLARPAGE
Yalin Bastanlar,Izmir Institute of Technology,http://ceng.iyte.edu.tr/people/yalin-bastanlar,3WTNhHYAAAAJ
Yalin Wang 0001,Arizona State University,http://gsl.lab.asu.edu,F4tTgLQAAAAJ
Yan (Michael) Zhang,Peking University,http://www.cis.pku.edu.cn/faculty/system/zhangyan,NOSCHOLARPAGE
Yan Cai 0001,Chinese Academy of Sciences,http://lcs.ios.ac.cn/~yancai,QotyxBEAAAAJ
Yan Chen 0004,Northwestern University,http://www.cs.northwestern.edu/~ychen,98iA_ooAAAAJ
Yan Chen 0007,UESTC,http://faculty.uestc.edu.cn/cyan,NOSCHOLARPAGE
Yan Gu 0001,Univ. of California - Riverside,https://people.csail.mit.edu/guyan,BmshmX8AAAAJ
Yan Huang 0001,Indiana University,http://homes.soic.indiana.edu/yh33,aKpQjaQAAAAJ
Yan Huang 0002,University of North Texas,http://www.cse.unt.edu/~huangyan,dRc-rTAAAAAJ
Yan Li 0018,Claremont Graduate University,https://www.cgu.edu/people/yan-li,NOSCHOLARPAGE
Yan Liu 0002,University of Southern California,http://www-bcf.usc.edu/~liu32,NOSCHOLARPAGE
Yan Qiu Chen,Fudan University,http://www.cs.fudan.edu.cn/en/?page_id=1781,NOSCHOLARPAGE
Yan Shoshitaishvili,Arizona State University,http://www.yancomm.net,ff1RkwcAAAAJ
Yan Solihin,University of Central Florida,http://www.cs.ucf.edu/people/profiles.php?id=249,tndlIesAAAAJ
Yan Tong,University of South Carolina,http://www.cse.sc.edu/~tongy,tY9bQTkAAAAJ
Yan Wang 0002,Macquarie University,http://web.science.mq.edu.au/~yanwang,3h6_oVEAAAAJ
Yan Wang 0003,Temple University,https://www.binghamton.edu/cs/people/ywang.html,NOSCHOLARPAGE
Yan Xiong,USTC,http://dsxt.ustc.edu.cn/zj_ywjs.asp?zzid=709,X08c_CQAAAAJ
Yan Yan 0002,Illinois Institute of Technology,https://www.iit.edu/directory/people/yan-yan,zhi-j1wAAAAJ
Yan Yan 0006,Washington State University,http://iemppu.github.io,A6co_BAAAAAJ
Yan Zhang 0004,Peking University,http://www.cis.pku.edu.cn/faculty/system/zhangyan,NOSCHOLARPAGE
Yan-Bin Jia,Iowa State University,http://www.cs.iastate.edu/~jia,9f4Pek0AAAAJ
Yan-Qing Zhang,Georgia State University,https://grid.cs.gsu.edu/zhang,NOSCHOLARPAGE
Yan-Wen Guo 0001,Nanjing University,https://cs.nju.edu.cn/ywguo,NOSCHOLARPAGE
Yanchun Sun,Peking University,http://sei.pku.edu.cn/~sunyc,NOSCHOLARPAGE
Yanchun Zhang,Fudan University,http://homepage.fudan.edu.cn/yanchunzhang,Z6oy0YIAAAAJ
Yanfang Ye,Case Western Reserve University,https://engineering.case.edu/profiles/yxy1032,NOSCHOLARPAGE
Yang Cai 0001,Yale University,https://cpsc.yale.edu/people/yang-cai,HMa4vcYAAAAJ
Yang Cao 0001,Virginia Tech,http://people.cs.vt.edu/~ycao,EFD4OrIAAAAJ
Yang Chen 0001,Fudan University,https://chenyang03.wordpress.com,O6tge4UAAAAJ
Yang Cindy Yi,Virginia Tech,https://www.yangyi.ece.vt.edu,ceRq6DEAAAAJ
Yang Gao 0001,Nanjing University,https://cs.nju.edu.cn/gaoyang,k0jjQo8AAAAJ
Yang Gao 0021,Royal Holloway University of London,https://pure.royalholloway.ac.uk/portal/en/persons/yang-gao(6a837f7f-07f6-4ac8-b0c7-d6d444016d2f).html,AwoB-SwAAAAJ
Yang Hao,Queen Mary University of London,http://www.eecs.qmul.ac.uk/~yang,W6hvCOAAAAAJ
Yang Hua,Queen's University Belfast,https://www.qub.ac.uk/schools/eeecs/Connect/Staff/BusinessCard/?name=y.hua,N0tFi8MAAAAJ
Yang Liu 0003,Nanyang Technological University,http://www.ntu.edu.sg/home/yangliu,NOSCHOLARPAGE
Yang Liu 0004,University of Texas at Dallas,http://www.hlt.utdallas.edu/~yangl,NOSCHOLARPAGE
Yang Liu 0005,Tsinghua University,http://nlp.csai.tsinghua.edu.cn/~ly,NOSCHOLARPAGE
Yang Liu 0018,Univ. of California - Santa Cruz,http://www.yliuu.com,jKrIVCIAAAAJ
Yang Liu 0084,Sun Yat-sen University,https://yangliu9208.github.io/home,l0z2QNQAAAAJ
Yang Long 0001,Durham University,https://www.dur.ac.uk/computer.science/staff/profile/?id=18350,IrkuknEAAAAJ
Yang Richard Yang,Yale University,http://www.cs.yale.edu/~yry,AQ6AppgAAAAJ
Yang Shi 0002,Tongji University,https://sse.tongji.edu.cn/Data/View/2818,NOSCHOLARPAGE
Yang Shi 0007,Tongji University,https://xiaoyangtao.github.io,PjSFGZwAAAAJ
Yang Wang 0002,UNSW,http://www.cse.unsw.edu.au/~wangy,NOSCHOLARPAGE
Yang Wang 0003,University of Manitoba,http://www.cs.umanitoba.ca/~ywang,NOSCHOLARPAGE
Yang Wang 0005,Univ. of Illinois at Urbana-Champaign,https://yangwang.ischool.illinois.edu,bN-ipRAAAAAJ
Yang Wang 0009,Ohio State University,https://cse.osu.edu/people/wang.7564,NOSCHOLARPAGE
Yang Xiang,Zhejiang University,http://mypage.zju.edu.cn/yxiang,NOSCHOLARPAGE
Yang Xiang 0004,University of Guelph,https://www.uoguelph.ca/computing/people/yang-xiang,r71D60UAAAAJ
Yang Xiao 0001,The University of Alabama,http://yangxiao.cs.ua.edu,HSxTENAAAAAJ
Yang Yang 0002,UESTC,http://cfm.uestc.edu.cn/~yangyang,PVv2xDYAAAAJ
Yang Yang 0009,Zhejiang University,http://yangy.org,NOSCHOLARPAGE
Yang Yi 0002,Virginia Tech,https://www.yangyi.ece.vt.edu,ceRq6DEAAAAJ
Yang Yu 0001,Nanjing University,http://lamda.nju.edu.cn/yuy,PG2lDSwAAAAJ
Yang Yu 0008,Tsinghua University,http://iiis.tsinghua.edu.cn/zh/yuy,NOSCHOLARPAGE
Yang Zhang 0016,CISPA Helmholtz Center,https://yangzhangalmo.github.io,Xeb2888AAAAJ
Yang Zhou 0001,Auburn University,http://eng.auburn.edu/users/yangzhou,yvE8Po0AAAAJ
Yang Zhou 0007,Shenzhen University,https://zhouyangvcc.github.io,9oXvA2IAAAAJ
Yang-Quan Chen,Univ. of California - Merced,https://sites.ucmerced.edu/yqchen,RDEIRbcAAAAJ
YangQuan Chen,Univ. of California - Merced,https://sites.ucmerced.edu/yqchen,RDEIRbcAAAAJ
Yangdong Deng,Tsinghua University,http://www.thss.tsinghua.edu.cn/publish/soften/3131/2014/20140115102144786540201/20140115102144786540201_.html,NOSCHOLARPAGE
Yangdong Steve Deng,Tsinghua University,http://www.thss.tsinghua.edu.cn/publish/soften/3131/2014/20140115102144786540201/20140115102144786540201_.html,NOSCHOLARPAGE
Yangfan Zhou,Fudan University,http://www.y-droid.com,qPcorFEAAAAJ
Yangfeng Ji,University of Virginia,https://engineering.virginia.edu/faculty/yangfeng-ji,pg02-e8AAAAJ
Yanggon Kim,Towson University,https://www.towson.edu/fcsm/departments/computerinfosci/facultystaff/ykim.html,NOSCHOLARPAGE
Yanghee Choi,Seoul National University,http://mmlab.snu.ac.kr/~yhchoi,Xm_UZdkAAAAJ
Yanghua Xiao,Fudan University,http://www.cs.fudan.edu.cn/?page_id=2098,odFW4FoAAAAJ
Yangming Li,Rochester Institute of Technology,https://people.rit.edu/ymliee,NRMhdgAAAAJ
Yangqiu Song,HKUST,https://www.cse.ust.hk/~yqsong,MdQZ-q8AAAAJ
Yangquan Chen,Univ. of California - Merced,https://sites.ucmerced.edu/yqchen,RDEIRbcAAAAJ
Yangyong Zhu,Fudan University,http://www.cs.fudan.edu.cn/?page_id=2083,NOSCHOLARPAGE
Yanhong A. Liu,Stony Brook University,http://www3.cs.stonybrook.edu/~liu,pM_GZxcAAAAJ
Yanhong Annie Liu,Stony Brook University,http://www3.cs.stonybrook.edu/~liu,pM_GZxcAAAAJ
Yanhua Li,Worcester Polytechnic Institute,http://www.wpi.edu/~yli15,ICOWtt0AAAAJ
Yanif Ahmad,Johns Hopkins University,http://www.cs.jhu.edu/~yanif,BtpxluIAAAAJ
Yaniv Erlich,Columbia University,http://teamerlich.org/website/home.html,DbDbLZEAAAAJ
Yanjie Dong,Shenzhen University,http://www.ece.ubc.ca/~ydong16,8eOcJfcAAAAJ
Yanjie Fu,University of Central Florida,http://yanjiefu.com,OSArex4AAAAJ
Yanjing Li,University of Chicago,http://people.cs.uchicago.edu/~yanjingl,NOSCHOLARPAGE
Yanjun Qi,University of Virginia,https://www.cs.virginia.edu/yanjun,eXKdSu0AAAAJ
Yanjun Wu,Chinese Academy of Sciences,http://people.ucas.ac.cn/~wuyanjun,hQoP0nkAAAAJ
Yankui Sun,Tsinghua University,http://www.cs.tsinghua.edu.cn/publish/csen/4623/2010/20101224172326748763790/20101224172326748763790_.html,NOSCHOLARPAGE
Yanlin Weng,Zhejiang University,http://www.cs.zju.edu.cn/chinese/redir.php?catalog_id=22284&object_id=116229,NOSCHOLARPAGE
Yanmin Zhu,Shanghai Jiao Tong University,http://www.cs.sjtu.edu.cn/~yzhu,onGydcgAAAAJ
Yann Secq,CRIStAL,http://www.lifl.fr/~ysecq,Kk7Bg3cAAAAJ
Yanni Sun,Michigan State University,https://www.egr.msu.edu/people/profile/yannisun,NOSCHOLARPAGE
Yanning Zhang,NWPU,https://teacher.nwpu.edu.cn/m/en/1999000059.html,NOSCHOLARPAGE
Yannis Cotronis,University of Athens,http://www.di.uoa.gr/eng/staff/1022,9IbOFmMAAAAJ
Yannis E. Ioannidis,University of Athens,http://www.madgik.di.uoa.gr/people/yannis,MIfpzUQAAAAJ
Yannis Goulermas,University of Liverpool,http://pcwww.liv.ac.uk/~goulerma/web_site_files/Yannis_Site/About_Me.html,pYnXjN4AAAAJ
Yannis Kotidis,AUEB,http://www.db-net.aueb.gr/kotidis,ykqoK38AAAAJ
Yannis Panagakis,Middlesex University,https://www.mdx.ac.uk/about-us/our-people/staff-directory/profile/panagakis-yannis,z1bkjU8AAAAJ
Yannis Papakonstantinou,Univ. of California - San Diego,http://db.ucsd.edu/People/yannis.htm,81cvn3sAAAAJ
Yannis Smaragdakis,University of Athens,https://yanniss.github.io,XCJuXcgAAAAJ
Yannis Stylianou,University of Crete,https://www.csd.uoc.gr/CSD/index.jsp?custom=yannis_stylianou&lang=en,6ZSjpdwAAAAJ
Yannis Theodoridis,University of Piraeus,http://www.unipi.gr/faculty/ytheod,1f5twhoAAAAJ
Yannis Tzitzikas,University of Crete,http://users.ics.forth.gr/~tzitzik,J_QgqGsAAAAJ
Yannis Velegrakis,Utrecht University,https://velgias.github.com,FI1rYesAAAAJ
Yanqing Zhang,Georgia State University,https://grid.cs.gsu.edu/zhang,NOSCHOLARPAGE
Yansong Feng,Peking University,https://sites.google.com/site/ysfeng/home,67qAw_wAAAAJ
Yantao Shen 0001,University of Nevada,https://www.unr.edu/ebme/people/yantao-shen,NOSCHOLARPAGE
Yantian Hou,Boise State University,http://cs.boisestate.edu/~yhou,r_glIckAAAAJ
Yanwei Fu,Fudan University,https://yanweifu.github.io,Vg54TcsAAAAJ
Yanwen Guo 0001,Nanjing University,https://cs.nju.edu.cn/ywguo,NOSCHOLARPAGE
Yanxi Liu,Pennsylvania State University,http://www.cse.psu.edu/~yul11,qYcG-q0AAAAJ
Yanxiang He,Wuhan University,http://cs.whu.edu.cn/teacherinfo.aspx?id=300,M6RsyXMAAAAJ
Yanyan Jiang 0001,Nanjing University,http://ics.nju.edu.cn/~jyy,4HxZiEcAAAAJ
Yanyan Lan,Chinese Academy of Sciences,http://www.bigdatalab.ac.cn/~lanyanyan,mNfCP3gAAAAJ
Yanyan Shen,Shanghai Jiao Tong University,http://www.cs.sjtu.edu.cn/~shen-yy,ZuxS2kkAAAAJ
Yanyan Zhao,Harbin Institute of Technology,http://ir.hit.edu.cn/~yanyan,mEdfAYoAAAAJ
Yanyan Zhuang,UCCS,http://www.cs.uccs.edu/~yzhuang,jIgMxhEAAAAJ
Yanzhen Zou,Peking University,http://sei.pku.edu.cn/~zouyz/index.htm,NOSCHOLARPAGE
Yanzhi Wang,Northeastern University,https://www.khoury.northeastern.edu/people/yanzhi-wang,a7akgIEAAAAJ
Yao Guo 0001,Peking University,http://sei.pku.edu.cn/~yaoguo,hhqHJpMAAAAJ
Yao Li,University of Central Florida,https://yaoliusa.weebly.com,7njgCKIAAAAJ
Yao Liang,IUPUI,https://science.iupui.edu/people/liang-yao,Pkod5TQAAAAJ
Yao Liu 0001,Binghamton University,http://www.cs.binghamton.edu/~yaoliu,gGbT21EAAAAJ
Yao Liu 0007,University of South Florida,http://www.cse.usf.edu/~yliu,gaDVuHsAAAAJ
Yaochu Jin,University of Surrey,http://www.soft-computing.de/jin.html,B5WAkz4AAAAJ
Yaochun Shen,University of Liverpool,https://liverpool.ac.uk/electrical-engineering-and-electronics/staff/yaochun-shen,2oPuJqQAAAAJ
Yaohang Li,Old Dominion University,http://www.cs.odu.edu/~yaohang,NOSCHOLARPAGE
Yaohui Jin,Shanghai Jiao Tong University,http://front.sjtu.edu.cn/~jinyh/index.html,H_7_oVcAAAAJ
Yaoliang Yu,University of Waterloo,https://cs.uwaterloo.ca/~y328yu,zbXIQMsAAAAJ
Yaoxue Zhang,Tsinghua University,http://media.cs.tsinghua.edu.cn/~zyxe,NOSCHOLARPAGE
Yaoyun Shi,University of Michigan,https://web.eecs.umich.edu/~shiyy,0LS98DEAAAAJ
Yaping Lin,Hunan University,http://csee.hnu.edu.cn/people/linyaping,NOSCHOLARPAGE
Yaqian Zhou,Fudan University,http://www.cs.fudan.edu.cn/?page_id=2319###,NOSCHOLARPAGE
Yaqiong Xu,Vanderbilt University,http://eecs.vanderbilt.edu/people/yaqiongxu/group.html,NOSCHOLARPAGE
Yarin Gal,University of Oxford,http://www.cs.ox.ac.uk/people/yarin.gal,SIayDoQAAAAJ
Yaron Lipman,Weizmann Institute of Science,https://www.weizmann.ac.il/pages/search/people?language=english&single=1&person_id=41941,vyteiT4AAAAJ
Yaron Singer,Harvard University,http://seas.harvard.edu/~yaron,NOSCHOLARPAGE
Yarui Peng,University of Arkansas,https://sites.uark.edu/yrpeng,IjBaWWcAAAAJ
Yaser Jararweh,JUST,http://www.just.edu.jo/eportfolio/Pages/Default.aspx?email=yijararweh,EXKxa6UAAAAJ
Yaser M. Khamayseh,JUST,http://www.just.edu.jo/eportfolio/Pages/Default.aspx?email=yaser,UNE8oKUAAAAJ
Yaser P. Fallah,University of Central Florida,http://www.eecs.ucf.edu/~yfallah,Pni_ugMAAAAJ
Yaser Pourmohammadi,University of Central Florida,http://www.eecs.ucf.edu/~yfallah,Pni_ugMAAAAJ
Yaser Pourmohammadi Fallah,University of Central Florida,http://www.eecs.ucf.edu/~yfallah,Pni_ugMAAAAJ
Yaser S. Abu-Mostafa,California Institute of Technology,https://work.caltech.edu,NOSCHOLARPAGE
Yash Vasavada,DAIICT,http://www.daiict.ac.in/daiict/people/faculty.html,9KkhfBgAAAAJ
Yasha Wang,Peking University,http://sei.pku.edu.cn/~wangys/index.htm,NOSCHOLARPAGE
Yashar Ganjali,University of Toronto,http://www.cs.toronto.edu/~yganjali,9btkXOgAAAAJ
Yashaswi Verma,IIT Jodhpur,https://sites.google.com/view/yashaswiverma,xVdj0xUAAAAJ
Yashvardhan Sharma,BITS Pilani,http://www.bits-pilani.ac.in/pilani/yash/profile,xonk7AwAAAAJ
Yashwant K. Malaiya,Colorado State University,http://www.cs.colostate.edu/~malaiya,y2fSlecAAAAJ
Yasir Mehmood,LUMS,https://lums.edu.pk/lums_employee/4841,_Ur63fwAAAAJ
Yasuhiko Minamide,Tokyo Institute of Technology,http://sv.c.titech.ac.jp/minamide/index.en.html,NOSCHOLARPAGE
Yasuko Matsubara,Osaka University,https://www.dm.sanken.osaka-u.ac.jp/~yasuko,Y1ZfsAwAAAAJ
Yasuo Kuniyoshi,University of Tokyo,http://www.isi.imi.i.u-tokyo.ac.jp/en,hOjZ1ZcAAAAJ
Yasuo Okabe,Kyoto University,https://www.net.ist.i.kyoto-u.ac.jp/ja,Y4AUoowAAAAJ
Yasushi Sakurai,Osaka University,http://www.dm.sanken.osaka-u.ac.jp/~yasushi/index.html,yeKnVr0AAAAJ
Yasushi Shinjo,University of Tsukuba,http://www.cs.tsukuba.ac.jp/~yas,IkaonwkAAAAJ
Yasushi Yagi,Osaka University,http://www.am.sanken.osaka-u.ac.jp,byuA_UEAAAAJ
Yasutaka Furukawa,Simon Fraser University,https://www.cs.sfu.ca/~furukawa,wCxzFrMAAAAJ
Yasuyuki Matsushita,Osaka University,http://www-infobiz.ist.osaka-u.ac.jp/en/member/matsushita,eomC7sIAAAAJ
Yat Chiu Law,Chinese University of Hong Kong,http://www.cse.cuhk.edu.hk/~yclaw,NOSCHOLARPAGE
Yau-Hwang Kuo,National Cheng Kung University,http://www.csie.ncku.edu.tw/ncku_csie/depmember/teacherdetail/id/5,NOSCHOLARPAGE
Yawen Chen,University of Otago,http://www.cs.otago.ac.nz/staff/Yawen_Chen,LyxsVekAAAAJ
Yazmin Angélica Ibáñez-García,Cardiff University,https://www.cardiff.ac.uk/people/view/1418353-ibanez-garcia-yazmin,7ag8h6sAAAAJ
Yazmin Ibáñez-García,Cardiff University,https://www.cardiff.ac.uk/people/view/1418353-ibanez-garcia-yazmin,7ag8h6sAAAAJ
Ye Duan,University of Missouri,http://engineers.missouri.edu/duanye,NOSCHOLARPAGE
Ye Xia 0001,University of Florida,http://www.cise.ufl.edu/~yx1,z0k6V4gAAAAJ
Ye Zhao,Kent State University,http://www.cs.kent.edu/~zhao,NOSCHOLARPAGE
Yechiam Yemini,Columbia University,http://www.cs.columbia.edu/~yemini,NOSCHOLARPAGE
Yedid Hoshen,Hebrew University of Jerusalem,http://www.cs.huji.ac.il/~ydidh,6y1-qS4AAAAJ
Yedidyah Langsam,CUNY,http://eilat.sci.brooklyn.cuny.edu,ahb9YKgAAAAJ
Yee-Hong Yang,University of Alberta,https://webdocs.cs.ualberta.ca/~yang,dDNv_sAAAAAJ
Yehia El-khatib,Lancaster University,https://www.lancaster.ac.uk/scc/about-us/people/yehia-elkhatib,ZDbuOE4AAAAJ
Yehia Elkhatib,Lancaster University,https://www.lancaster.ac.uk/scc/about-us/people/yehia-elkhatib,ZDbuOE4AAAAJ
Yehoshua Perl,NJIT,http://cs.njit.edu/people/perl,jVLGHGQAAAAJ
Yehoshua Sagiv,Hebrew University of Jerusalem,http://www.huji.ac.il/dataj/controller/ihoker/MOP-STAFF_LINK?sno=5007961&Save_t=,NOSCHOLARPAGE
Yehuda Lindell,Bar-Ilan University,https://u.cs.biu.ac.il/~lindell,7JK9h1MAAAAJ
Yeim-Kuan Chang,National Cheng Kung University,http://www.csie.ncku.edu.tw/ncku_csie/depmember/teacherdetail/id/16,NOSCHOLARPAGE
Yejin Choi,University of Washington,http://homes.cs.washington.edu/~yejin,vhP-tlcAAAAJ
Yelena Yesha,Univ. of Maryland - Baltimore County,http://www.csee.umbc.edu/people/faculty/yelena-yesha,3aj4AM4AAAAJ
Yen Cheung,Monash University,http://monash.edu/research/explore/en/persons/yen-cheung(03ed496d-982b-4da4-9c55-d7a238cae46f).html,y0gdUU4AAAAJ
Yen-Jen Oyang,National Taiwan University,http://ah.ntu.edu.tw/web/Teacher!one.action?tid=2141,NOSCHOLARPAGE
Yen-Yu Lin,National Chiao Tung University,https://sites.google.com/site/yylinweb,9RhFbpwAAAAJ
Yeong-Gil Shin,Seoul National University,http://cglab.snu.ac.kr/yshin.htm,EhRwlToAAAAJ
Yeong-Tae Song,Towson University,https://www.towson.edu/fcsm/departments/computerinfosci/facultystaff/ysong.html,NOSCHOLARPAGE
Yeongjin Jang,Oregon State University,http://people.oregonstate.edu/~jangye,ID4dOvAAAAAJ
Yeshaiahu Fainman,Univ. of California - San Diego,https://cns.ucsd.edu/yeshaiyahu-shaya-fainman,oJwZRiYAAAAJ
Yevgeniy Dodis,New York University,http://www.cs.nyu.edu/~dodis,3yPEc4YAAAAJ
Yevgeniy Vorobeychik,Washington University in St. Louis,http://vorobeychik.com,ptI-HHkAAAAJ
Yevgeny Seldin,University of Copenhagen,http://www.diku.dk/Ansatte/?pure=da/persons/500475,fpWsD9oAAAAJ
Yew-Soon Ong,Nanyang Technological University,http://www.ntu.edu.sg/home/asysong,h9oWOsEAAAAJ
Yexiang Xue,Purdue University,https://www.cs.purdue.edu/people/faculty/yexiang,NOSCHOLARPAGE
Yezhou Yang,Arizona State University,https://yezhouyang.engineering.asu.edu,k2suuZgAAAAJ
Yezid Donoso,Universidad de los Andes,https://profesores.virtual.uniandes.edu.co/ydonoso/es/inicio,Razvs2MAAAAJ
Yezid Donoso Meisel,Universidad de los Andes,https://profesores.virtual.uniandes.edu.co/ydonoso/es/inicio,Razvs2MAAAAJ
Yi Gao,Zhejiang University,http://mypage.zju.edu.cn/gaoyi,oyKWoTkAAAAJ
Yi Guan,Harbin Institute of Technology,http://homepage.hit.edu.cn/guanyi,eApBCQYAAAAJ
Yi Huang 0001,University of Liverpool,https://liverpool.ac.uk/electrical-engineering-and-electronics/staff/yi-huang,sJ3GXrUAAAAJ
Yi Ma 0001,Univ. of California - Berkeley,https://people.eecs.berkeley.edu/~yima,XqLiBQMAAAAJ
Yi Mei,Victoria University of Wellington,https://ecs.victoria.ac.nz/Main/YiMei,luucmLwAAAAJ
Yi Pan 0001,Georgia State University,https://grid.cs.gsu.edu/pan,2F-jTfEAAAAJ
Yi Peng 0001,UESTC,http://www.mgmt.uestc.edu.cn/Document/TeacherList?Id=894,0WkOMQYAAAAJ
Yi Shang,University of Missouri,https://engineering.missouri.edu/faculty/yi-shang,o-xM3oMAAAAJ
Yi Wang 0003,Shenzhen University,http://www.escience.cn/people/yiwangszu/index.html,OPm4f_cAAAAJ
Yi Xiao,Hunan University,http://design.hnu.edu.cn/info/1023/5773.htm,NOSCHOLARPAGE
Yi Yang 0001,University of Technology Sydney,https://www.uts.edu.au/staff/yi.yang,RMSuNFwAAAAJ
Yi Zhang,University of Technology Sydney,https://www.uts.edu.au/staff/yi.zhang,Eu4GKM8AAAAJ
Yi Zhang 0001,Univ. of California - Santa Cruz,http://www.soe.ucsc.edu/~yiz,oyH8KMcAAAAJ
Yi-Bing Lin,National Chiao Tung University,http://liny.csie.nctu.edu.tw,NOSCHOLARPAGE
Yi-Cheng Tu,University of South Florida,http://www.csee.usf.edu/~tuy,J7QqD2IAAAAJ
Yi-Jen Chiang,New York University,http://engineering.nyu.edu/people/yi-jen-chiang,ZcDNvvEAAAAJ
Yi-Ke Guo,Imperial College London,http://www.imperial.ac.uk/people/y.guo,-0q6cIYAAAAJ
Yi-King Choi,University of Hong Kong,https://i.cs.hku.hk/~ykchoi,NOSCHOLARPAGE
Yi-Ping Hung,National Taiwan University,https://www.csie.ntu.edu.tw/~hung,gUYquw0AAAAJ
Yi-Ping You,National Chiao Tung University,http://people.cs.nctu.edu.tw/~ypyou,puMjxwUAAAAJ
Yi-Shin Chen,National Tsing Hua University,http://www.yishin.net,0pm_SDoAAAAJ
Yi-Zhe Song,University of Surrey,http://www.eecs.qmul.ac.uk/~yzs,irZFP_AAAAAJ
Yian Ma,Univ. of California - San Diego,https://sites.google.com/view/yianma/home,OkOGR_8AAAAJ
Yiannis Aloimonos,University of Maryland - College Park,http://www.cfar.umd.edu/~yiannis,7QmEsOwAAAAJ
Yiannis Cotronis,University of Athens,http://www.di.uoa.gr/eng/staff/1022,9IbOFmMAAAAJ
Yiannis Koutis,NJIT,https://web.njit.edu/~ikoutis,ONXC8_gAAAAJ
Yiannis Panagakis,Middlesex University,https://www.mdx.ac.uk/about-us/our-people/staff-directory/profile/panagakis-yannis,z1bkjU8AAAAJ
Yiannis Rekleitis,University of South Carolina,http://www.cse.sc.edu/~yiannisr,KjfpioYAAAAJ
Yibiao Yang,Nanjing University,https://yangyibiao.github.io,-7PoE6MAAAAJ
Yibo Lin,Peking University,http://yibolin.com.cn,155hQCcAAAAJ
Yicheng Tu,University of South Florida,http://www.csee.usf.edu/~tuy,J7QqD2IAAAAJ
Yici Cai,Tsinghua University,http://www.tsinghua.edu.cn/publish/csen/4623/2010/20101224172730980195531/20101224172730980195531_.html,NOSCHOLARPAGE
Yifan Sun,Stony Brook University,https://sites.google.com/site/yifansunwebsite,o3fSb1YAAAAJ
Yifan Zhang 0002,Binghamton University,http://www.cs.binghamton.edu/~zhangy,sPZZB4UAAAAJ
Yifeng Chen,Peking University,http://eecs.pku.edu.cn/EN/People/Faculty/Detail/?ID=6054,NOSCHOLARPAGE
Yih-Chun Hu,Univ. of Illinois at Urbana-Champaign,https://www.ece.illinois.edu/directory/profile/yihchun,VvvjMCgAAAAJ
Yih-Fang Huang,University of Notre Dame,http://www3.nd.edu/~huang,NOSCHOLARPAGE
Yih-Lang Li,National Chiao Tung University,http://people.cs.nctu.edu.tw/~ylli,NOSCHOLARPAGE
Yihan Sun 0001,Univ. of California - Riverside,https://www.cs.cmu.edu/~yihans,E5aLeuYAAAAJ
Yihua Huang,Nanjing University,http://ws.nju.edu.cn/people/yhhuang,NOSCHOLARPAGE
Yijia Chen,Fudan University,http://basics.sjtu.edu.cn/~chen,pBqhBdoAAAAJ
Yijian Wu,Fudan University,http://homepage.fudan.edu.cn/wuyijian,NOSCHOLARPAGE
Yijie Han,University of Missouri - Kansas City,http://h.web.umkc.edu/hanyij/html/index.htm,NOSCHOLARPAGE
Yijie Wang 0004,Indiana University,https://wyjhxq.github.io,rloap-cAAAAJ
Yijun Yang,Shandong University,http://www.cs.sdu.edu.cn/info/1091/2353.htm,NOSCHOLARPAGE
Yijun Yu,Open University UK,http://stem.open.ac.uk/people/yy66,E5Z63aUAAAAJ
Yike Guo,Imperial College London,http://www.imperial.ac.uk/people/y.guo,-0q6cIYAAAAJ
Yiling Chen,Harvard University,http://yiling.seas.harvard.edu,Q8vaKmUAAAAJ
Yiling Chen 0001,Harvard University,http://yiling.seas.harvard.edu,Q8vaKmUAAAAJ
Yilu Liu,University of Tennessee,http://www.eecs.utk.edu/people/faculty/liu,NOSCHOLARPAGE
Yiming Hu,University of Cincinnati,http://www.ece.uc.edu/~yhu,NOSCHOLARPAGE
Yiming Yang,Carnegie Mellon University,http://www.cs.cmu.edu/~./yiming,MlZq4XwAAAAJ
Yin Pan,Rochester Institute of Technology,https://www.rit.edu/gccis/computingsecurity/people/yin-pan,SHJ98SkAAAAJ
Yin Tat Lee,University of Washington,http://yintat.com,nwHfwCIAAAAJ
Yin Zhang 0001,University of Texas at Austin,http://www.cs.utexas.edu/~yzhang,DSEH8XsAAAAJ
Yinan Jing,Fudan University,http://www.cs.fudan.edu.cn/?page_id=1848,NOSCHOLARPAGE
Ying Cai,Iowa State University,http://www.cs.iastate.edu/~yingcai,N3Jc1zMAAAAJ
Ying He 0001,Nanyang Technological University,http://www.ntu.edu.sg/home/yhe,sVf_tdoAAAAJ
Ying Lu 0002,University of Nebraska,http://cse.unl.edu/~ylu,9PW-tPAAAAAJ
Ying Tan 0002,Peking University,http://www.cis.pku.edu.cn/faculty/system/tanying/TYBiograph.htm,PjNxSPsAAAAJ
Ying Wah Teh,University of Malaya,https://umexpert.um.edu.my/tehyw,2igo-mwAAAAJ
Ying Wang 0001,Chinese Academy of Sciences,https://wangying-ict.github.io,5LoFPSQAAAAJ
Ying Zhang 0001,University of Technology Sydney,https://www.uts.edu.au/staff/ying.zhang,9LTwX4cAAAAJ
Ying Zhang 0040,Tongji University,https://sse.tongji.edu.cn/Data/View/2841,NOSCHOLARPAGE
Ying Zhao 0006,Tsinghua University,http://www.cs.tsinghua.edu.cn/publish/csen/4623/2010/20101225001316118539247/20101225001316118539247_.html,_gluXdYAAAAJ
Ying Zhou,University of Sydney,http://www.it.usyd.edu.au/~yzho8449,d_Mq8TYAAAAJ
Ying Zhu,Ontario Tech University,https://engineering.ontariotechu.ca/people/ecse/ying.zhu.php,wOFUwYIAAAAJ
Ying Zou,Queen's University,https://www.ece.queensu.ca/people/Y-Zou,pCYlknMAAAAJ
Ying-Dar Jason Lin,National Chiao Tung University,http://speed.cis.nctu.edu.tw/~ydlin,6ZzMxhsAAAAJ
Ying-Dar Lin,National Chiao Tung University,http://speed.cis.nctu.edu.tw/~ydlin,6ZzMxhsAAAAJ
Ying-Ping Chen,National Chiao Tung University,http://www.cs.nctu.edu.tw/~ypchen,5Fb9380AAAAJ
Ying-li Tian,CUNY,http://www-ee.ccny.cuny.edu/wwwn/yltian/home.html,aAWeB4wAAAAJ
Yingbin Liang,Ohio State University,https://sites.google.com/view/yingbinliang/home,lGgLAiIAAAAJ
Yingbo Liu,Tsinghua University,http://ise.thss.tsinghua.edu.cn/~liuyingbo,NOSCHOLARPAGE
Yingcai Wu,Zhejiang University,http://www.ycwu.org,2eQFlqsAAAAJ
Yingfei Xiong 0001,Peking University,http://sei.pku.edu.cn/~xiongyf04,kiG3fBsAAAAJ
Yinghuan Shi,Nanjing University,http://cs.nju.edu.cn/shiyh,m6BKDUMAAAAJ
Yinghui Wu,Case Western Reserve University,https://engineering.case.edu/profiles/yinghui_wu,9u7wNjUAAAAJ
Yingjie Xia,Zhejiang University,http://mypage.zju.edu.cn/xiayingjie,lWN9EjkAAAAJ
Yingjiu Li,University of Oregon,https://cs.uoregon.edu/profile/yingjiul,Z4ReDEMAAAAJ
Yingmin Tang,Peking University,http://www.icst.pku.edu.cn/cscl?page_id=22,NOSCHOLARPAGE
Yingshu Li,Georgia State University,https://grid.cs.gsu.edu/yli,sgiysmUAAAAJ
Yingwei Luo,Peking University,http://gis.pku.edu.cn/lab/people/lyw.htm,NOSCHOLARPAGE
Yingying Zhu,University of Texas at Arlington,https://zyy123jy.github.io/My-Web-Sites,PMjtni8AAAAJ
Yingyu Liang,University of Wisconsin - Madison,http://pages.cs.wisc.edu/~yliang,_RVvnS4AAAAJ
Yingzhen Li,Imperial College London,http://yingzhenli.net/home/en/?page_id=345,gcfs8N8AAAAJ
Yinlong Xu,USTC,http://en.nhpcc.ustc.edu.cn/Peoples_9/201107/t20110701_115017.html,NOSCHOLARPAGE
Yinqian Zhang,Ohio State University,https://cse.osu.edu/people/zhang.834-0,C7htwEIAAAAJ
Yinsheng Li,Fudan University,http://www.cs.fudan.edu.cn/?page_id=1869###,NOSCHOLARPAGE
Yinzhi Cao,Johns Hopkins University,https://www.cs.jhu.edu/~yzcao,0jBP_aEAAAAJ
Yiorgos Tsiatouhas,University of Ioannina,https://cs.uoi.gr/~tsiatouhas,gHsE8pYAAAAJ
Yipeng Qin,Cardiff University,https://www.cardiff.ac.uk/people/view/1508897-qin-yipeng,ojgWPpgAAAAJ
Yipeng Zhou,Macquarie University,https://researchers.mq.edu.au/en/persons/yipeng-zhou,uv95RgUAAAAJ
Yiping Ke,Nanyang Technological University,http://research.ntu.edu.sg/expertise/academicprofile/Pages/StaffProfile.aspx?ST_EMAILID=YPKE,30Fp0YYAAAAJ
Yiqiang Chen,Chinese Academy of Sciences,http://rcpc.ict.ac.cn/YiqiangChen,LC3SwhEAAAAJ
Yiqiu Dong,DTU,https://www.compute.dtu.dk/english,NOSCHOLARPAGE
Yiqun Liu 0001,Tsinghua University,http://www.thuir.cn/group/~yqliu,NOSCHOLARPAGE
Yiran Chen,Duke University,https://ece.duke.edu/faculty/yiran-chen,3G-nnjMAAAAJ
Yisen Wang 0001,Peking University,https://sites.google.com/site/csyisenwang,uMWPDboAAAAJ
Yishay Mansour,Tel Aviv University,http://www.tau.ac.il/~mansour,OEJUgwkAAAAJ
Yisong Chen,Peking University,http://eecs.pku.edu.cn/EN/People/Faculty/Detail/?ID=6080,NOSCHOLARPAGE
Yisong Yue,California Institute of Technology,http://www.yisongyue.com,tEk4qo8AAAAJ
Yitong Wang,Fudan University,http://dataology.fudan.edu.cn/85/89/c4601a34185/page.htm,NOSCHOLARPAGE
Yitong Yin,Nanjing University,http://tcs.nju.edu.cn/yinyt/Yitong_Yin_homepage.html,IV49eb4AAAAJ
Yitzhak (Tsahi) Birk,Technion,http://birk.eew.technion.ac.il,NOSCHOLARPAGE
Yitzhak Birk,Technion,http://birk.eew.technion.ac.il,NOSCHOLARPAGE
Yiu-Kai Dennis Ng,Brigham Young University,https://faculty.cs.byu.edu/~ng/ng.html,HhIElBEAAAAJ
Yiu-Kai Ng,Brigham Young University,https://faculty.cs.byu.edu/~ng/ng.html,HhIElBEAAAAJ
Yiu-Ming Cheung,Hong Kong Baptist University,http://www.comp.hkbu.edu.hk/~ymc,VM7FCvUAAAAJ
Yiu-Wing Leung,Hong Kong Baptist University,http://www.comp.hkbu.edu.hk/~ywleung,NOSCHOLARPAGE
Yiu-ming Cheung,Hong Kong Baptist University,http://www.comp.hkbu.edu.hk/~ymc,VM7FCvUAAAAJ
Yixin Chen,Washington University in St. Louis,http://www.cse.wustl.edu/~ychen,NByrsK0AAAAJ
Yixin Sun,University of Virginia,https://www.cs.princeton.edu/~yixins,ov72AA4AAAAJ
Yixu Song,Tsinghua University,http://www.cs.tsinghua.edu.cn/publish/csen/4623/2010/20101225165331425678035/20101225165331425678035_.html,NOSCHOLARPAGE
Yixuan Li,University of Wisconsin - Madison,http://www.yixuanli.net,QSTd1oUAAAAJ
Yiying Tong,Michigan State University,http://www.cse.msu.edu/~ytong,2Dz330cAAAAJ
Yiying Zhang,Univ. of California - San Diego,http://cseweb.ucsd.edu/~yiyingzhang/index.html,5AWXENIAAAAJ
Yiying Zhang 0005,Univ. of California - San Diego,http://cseweb.ucsd.edu/~yiyingzhang/index.html,5AWXENIAAAAJ
Yiyu Chen 0001,TU Delft,https://www.lydiaychen.com,xXu_fMcAAAAJ
Yiyu Shi,University of Notre Dame,https://engineering.nd.edu/profiles/yshi,LrjbEkIAAAAJ
Yiyu Yao,University of Regina,http://www.cs.uregina.ca/People/Profiles/YiyuYao.html,_aL0fcQAAAAJ
Yizhai Zhang,NWPU,https://teacher.nwpu.edu.cn/en/zhangyizhai.html,NOSCHOLARPAGE
Yizhen Lao,Hunan University,https://yizhenlao.github.io,OhPsgH0AAAAJ
Yizheng Zhao,Nanjing University,https://ai.nju.edu.cn/zhaoyizheng,M3KkzOcAAAAJ
Yizhou Sun,Univ. of California - Los Angeles,http://web.cs.ucla.edu/~yzsun,TQgOjK0AAAAJ
Yizhou Wang 0001,Peking University,http://www.idm.pku.edu.cn/staff/wangyizhou,NOSCHOLARPAGE
Yizhou Yu,University of Hong Kong,https://i.cs.hku.hk/~yzyu,e38fTZQAAAAJ
Yizhou Zhang,University of Waterloo,https://cs.uwaterloo.ca/~yizhou,8n7ZcbwAAAAJ
Yizong Cheng,University of Cincinnati,http://www.ceas3.uc.edu/profiles/chengy,NOSCHOLARPAGE
Ymir Vigfusson,Emory University,http://www.mathcs.emory.edu/faculty-member.php?name=Ymir-Vigfusson,y2YkcWkAAAAJ
Yngve Dahl,NTNU,https://www.ntnu.edu/employees/yngveda,mlyhLO0AAAAJ
Yo-Sub Han,Yonsei University,http://toc.yonsei.ac.kr/~emmous,yDOh26sAAAAJ
Yoav Artzi [Tech],Cornell University,http://yoavartzi.com,XuQW7ogAAAAJ
Yoav Etsion,Technion,https://yoav.net.technion.ac.il,NxHFDlAAAAAJ
Yoav Freund,Univ. of California - San Diego,https://cseweb.ucsd.edu/~yfreund,NFdG-GMAAAAJ
Yoav Goldberg,Bar-Ilan University,https://www.cs.bgu.ac.il/~yoavg/uni,0rskDKgAAAAJ
Yoav Shoham,Stanford University,http://robotics.stanford.edu/users/shoham,NOSCHOLARPAGE
Yoav Y. Schechner,Technion,http://webee.technion.ac.il/people/yoav,IOkk2uAAAAAJ
Yodsawalai Chodpathumwan,KMUTNB,https://tggs.kmutnb.ac.th/?page_id=2947,4K13tqIAAAAJ
Yogesh Singh Rawat,University of Central Florida,http://cs.ucf.edu/people/profiles.php?id=239,D_JvEcwAAAAJ
Yohei Seki,University of Tsukuba,https://trios.tsukuba.ac.jp/researcher/0000002520,f65jursAAAAJ
Yoichi Ochiai,University of Tsukuba,https://digitalnature.slis.tsukuba.ac.jp/2018/09/yoichi-ochiai,obhH0jkAAAAJ
Yoichi Sato,University of Tokyo,http://www.hci.iis.u-tokyo.ac.jp/~ysato,VEUW-qIAAAAJ
Yoko Yamaguchi,University of Tokyo,http://www.dei.brain.riken.jp/?page_id=143&lang=en,gcd_PJwAAAAJ
Yolanda Becerra,Polytechnic University of Catalonia,http://people.ac.upc.edu/yolandab,pbjpZnBQp8oC
Yolande Berbers,KU Leuven,https://distrinet.cs.kuleuven.be/people/yolande,cjTQU8oAAAAJ
Yonatan Aumann,Bar-Ilan University,http://cs.biu.ac.il/en/node/636,0BI-noIAAAAJ
Yonatan Bisk,Carnegie Mellon University,https://yonatanbisk.com,bWoGh8UAAAAJ
Yong Chen 0001,Texas Tech University,http://www.myweb.ttu.edu/yonchen,PHVKUhEAAAAJ
Yong Chiang Tay,National University of Singapore,http://www.math.nus.edu.sg/~mattyc,qAalyGsAAAAJ
Yong Cui 0001,Tsinghua University,http://www.tsinghua.edu.cn/publish/csen/4623/2010/20101223231342918741150/20101223231342918741150_.html,5isoO_QAAAAJ
Yong Deng,UESTC,http://en.uestc.edu.cn/index.php?m=content&c=index&a=show&catid=79&id=5320,8voeILsAAAAJ
Yong Jae Lee,Univ. of California - Davis,http://www.cs.ucdavis.edu/~yjlee,ZPtPmrkAAAAJ
Yong Li 0008,Tsinghua University,http://fi.ee.tsinghua.edu.cn/~liyong,kmgzPeQAAAAJ
Yong Liu 0018,Renmin University of China,https://iie-liuyong.github.io,vVhmzbAAAAAJ
Yong Man Ro,KAIST,http://ivylab.kaist.ac.kr/base/people/people1.php,IPzfF7cAAAAJ
Yong Meng Teo,National University of Singapore,http://www.comp.nus.edu.sg/~teoym,NOSCHOLARPAGE
Yong Suk Choi,Hanyang University,http://ai.hanyang.ac.kr/member,NOSCHOLARPAGE
Yong Wang 0021,Singapore Management University,https://sis.smu.edu.sg/faculty/profile/167376/WANG-Yong,ux1ii1gAAAAJ
Yong Xia,NWPU,https://teacher.nwpu.edu.cn/en/yongxia.html,Usw1jeMAAAAJ
Yong Xiang 0002,Tsinghua University,http://www.cs.tsinghua.edu.cn/publish/csen/4623/2010/20101224195501579371325/20101224195501579371325_.html,YySlI2oAAAAJ
Yong Yu 0001,Shanghai Jiao Tong University,http://english.seiee.sjtu.edu.cn/english/detail/841_695.htm,-84M1m0AAAAJ
Yong-Jin Liu,Tsinghua University,http://media.cs.tsinghua.edu.cn/en/liuyj,GNDtwWQAAAAJ
Yong-Lae Park,Carnegie Mellon University,http://www.cs.cmu.edu/~ylpark,kBsTE7AAAAAJ
Yong-Liang Yang,University of Bath,http://www.yongliangyang.net,v2etATwAAAAJ
Yong-Sheng Chen,National Chiao Tung University,http://www.cs.nctu.edu.tw/~yschen,kUCM_aEAAAAJ
Yong-Yeol Ahn,Indiana University,http://yongyeol.com,US7OSNgAAAAJ
Yong-chuan Tang,Zhejiang University,http://mypage.zju.edu.cn/yongchuan,NOSCHOLARPAGE
YongHong Tian,Peking University,http://idm.pku.edu.cn/staff/yhtian.html,fn6hJx0AAAAJ
Yongcai Wang,Renmin University of China,https://yongcaiwang.github.io/about,ZOHWbl8AAAAJ
Yongchuan Tang,Zhejiang University,http://mypage.zju.edu.cn/yongchuan,NOSCHOLARPAGE
Yongdae Kim,KAIST,https://syssec.kaist.ac.kr/~yongdaek,hLVtE9cAAAAJ
Yongfei Zhang,Beihang University,http://scse.buaa.edu.cn/info/1038/3014.htm,5nKXtoUAAAAJ
Yongfeng Zhang,Rutgers University,https://www.cs.rutgers.edu/faculty/yongfeng-zhang,A66WefUAAAAJ
Yonggang Wen 0001,Nanyang Technological University,http://www.ntu.edu.sg/home/ygwen,byeygOkAAAAJ
Yonghe Liu,University of Texas at Arlington,https://www.uta.edu/profiles/yonghe-liu,NOSCHOLARPAGE
Yonghwi Kwon,University of Virginia,https://engineering.virginia.edu/faculty/yonghwi-kwon,YK3KT3kAAAAJ
Yongjian Fu,Cleveland State University,https://academic.csuohio.edu/fuy,NOSCHOLARPAGE
Yongjie Zheng,University of Missouri - Kansas City,https://sce.umkc.edu/about/directory/name/yongjie-zheng-ph-d,ckWCzGQAAAAJ
Yongjoo Park,Univ. of Illinois at Urbana-Champaign,https://yongjoopark.com,Pd7IdigAAAAJ
Yongju Lee,Kyungpook National University,http://dbms.knu.ac.kr,Eo7HrZEAAAAJ
Yongjun Liao,Ecole Normale Superieure de Lyon,http://www.ens-lyon.fr/annuaire/mme-yongjun-liao--269058.kjsp?RH=ENS-LYON-FR-ANNUAIRE,NOSCHOLARPAGE
Yongjun Park,Hanyang University,https://sites.google.com/site/hyucasslab/home/professor,5aYuqTkAAAAJ
Yongkai Huo,Shenzhen University,http://futuremedia.szu.edu.cn/peopleYongkaiHuo.html,JPB4uaIAAAAJ
Yongle Zhang,Purdue University,https://www.cs.purdue.edu/homes/yonglezh,bqROsSsAAAAJ
Yongli Ren,RMIT University,https://www.rmit.edu.au/contact/staff-contacts/academic-staff/r/ren-dr-yongli,ZZl7bW8AAAAJ
Yongluan Zhou,University of Copenhagen,http://diku.dk/english/staff/?pure=en/persons/590429,Tqh1RIkAAAAJ
Yongmin Li 0001,Brunel University London,https://www.brunel.ac.uk/people/yongmin-li,R5dedx0AAAAJ
Yongpan Zou,Shenzhen University,https://yongpanzou.github.io,RO4w5pAAAAAJ
Yongqiang zhao,NWPU,https://teacher.nwpu.edu.cn/m/en/2001000069.html,FsJyR8QAAAAJ
Yongsheng Bai,Indiana State University,http://isu.indstate.edu/ybai2,NOSCHOLARPAGE
Yongsu Park,Hanyang University,http://securitylab.hanyang.ac.kr/wiki/index.php/PROFESSOR,NOSCHOLARPAGE
Yongtae Kim,Kyungpook National University,https://scholar.google.com/citations?user=Nhfl_i8AAAAJ,Nhfl_i8AAAAJ
Yongtao Wang,Peking University,http://www.icst.pku.edu.cn/cpdp/index.php/research-team/11-wangyongtao,Zna90HQAAAAJ
Yongwang Zhao,Zhejiang University,https://person.zju.edu.cn/zhaoyw,NOSCHOLARPAGE
Yongwei Wu,Tsinghua University,http://madsys.cs.tsinghua.edu.cn/~yongweiwu,ld3axtkAAAAJ
Yongxin Tong,Beihang University,http://sites.nlsde.buaa.edu.cn/~yxtong,aeCHfDIAAAAJ
Yongxin Yang,University of Surrey,https://yang.ac,F7PtrL8AAAAJ
Yongyi Mao,University of Ottawa,http://www.site.uottawa.ca/~yymao,jM5l70wAAAAJ
Yongzhen Huang,Chinese Academy of Sciences,http://www.cripac.ia.ac.cn/irds/People/yzhuang.html,OH7-k7oAAAAJ
Yongzhi Cao,Peking University,http://eecs.pku.edu.cn/EN/People/Faculty/Detail/?ID=6066,VEhLdikAAAAJ
Yonina C. Eldar,Weizmann Institute of Science,https://www.weizmann.ac.il/pages/search/people?language=english&single=1&person_id=67601,vyX6kpwAAAAJ
Yoohwan Kim,University of Nevada Las Vegas,http://www.egr.unlv.edu/~yoohwan,AnCg3JwAAAAJ
Yoon Joon Lee,KAIST,http://dbserver.kaist.ac.kr/~yjlee,8NDnZuEAAAAJ
Yoonsang Lee 0001,Hanyang University,https://sites.google.com/view/cgrlab/people,s_lHZHsAAAAJ
Yoonsik Cheon,University of Texas - El Paso,http://www.cs.utep.edu/cheon,NOSCHOLARPAGE
Yoonsuck Choe,Texas A&M University,http://faculty.cs.tamu.edu/choe,nFb_T4wAAAAJ
Yoram Moses,Technion,http://moses.eew.technion.ac.il,X90c-SYAAAAJ
Yoram Singer,Princeton University,http://www.cs.princeton.edu/~ysinger,NOSCHOLARPAGE
Yoseph Barash,University of Pennsylvania,https://www.biociphers.org/yosephb,NOSCHOLARPAGE
Yoshiaki Fukazawa,Waseda University,http://fuka.info.waseda.ac.jp/~fukazawa/index.html,NOSCHOLARPAGE
Yoshiharu Kohayakawa,USP,http://www.ime.usp.br/~yk,EC6p9kIAAAAJ
Yoshihide Yoshimoto,University of Tokyo,http://www.s.u-tokyo.ac.jp/en/people/yoshimoto_yoshihide,NOSCHOLARPAGE
Yoshihiko Gotoh,University of Sheffield,https://www.sheffield.ac.uk/dcs/people/academic/yoshi-gotoh,I13A1g0AAAAJ
Yoshihiko Hasegawa,University of Tokyo,http://www.i.u-tokyo.ac.jp/edu/course/ice/members_e.shtml,NOSCHOLARPAGE
Yoshihiko Nakamura,University of Tokyo,http://www.ynl.t.u-tokyo.ac.jp,gkFd-RcAAAAJ
Yoshihiro Kanamori,University of Tsukuba,http://kanamori.cs.tsukuba.ac.jp,VBbbbrAAAAAJ
Yoshihiro Kawahara,University of Tokyo,http://kawahara.akg.t.u-tokyo.ac.jp,id0WgmwAAAAJ
Yoshihiro Kuroda,University of Tsukuba,https://www.lelab.jp/%E3%83%A1%E3%83%B3%E3%83%90%E3%83%BC/%E7%95%A5%E6%AD%B4,Q5Hmc_oAAAAJ
Yoshihiro Maruyama,Australian National University,https://cs.anu.edu.au/people/youshihiro-maruyama,NOSCHOLARPAGE
Yoshihiro Miyake,Tokyo Institute of Technology,http://www.myk.dis.titech.ac.jp/2007hp/index.html,NOSCHOLARPAGE
Yoshiki Higo,Osaka University,https://sdl.ist.osaka-u.ac.jp/~higo/wordpress,FtXOWgMAAAAJ
Yoshiko Wakabayashi,USP,http://www.ime.usp.br/~yw,m_ljtMkAAAAJ
Yoshimasa Nakamura,Kyoto University,http://www-is.amp.i.kyoto-u.ac.jp/ynaka/index-e.html,NOSCHOLARPAGE
Yoshimasa Tsuruoka,University of Tokyo,http://www.logos.ic.i.u-tokyo.ac.jp/~tsuruoka,J2CkFngAAAAJ
Yoshimitsu Aoki,Keio University,https://aoki-medialab.jp/aokiyoshimitsu-en,fd_IY8AAAAAJ
Yoshinari Kameda,University of Tsukuba,http://www.kameda-lab.org/index-e.html,YaVcM9cAAAAJ
Yoshio Matsumoto,University of Tsukuba,https://staff.aist.go.jp/yoshio.matsumoto/profile/biography_e.html,dXvBoPYAAAAJ
Yoshishige Tsuchiya,University of Southampton,https://www.ecs.soton.ac.uk/people/yt1p07,uRUnvtcAAAAJ
Yoshitaka Ushiku,University of Tokyo,http://www.mi.t.u-tokyo.ac.jp/ushiku,kxUld9MAAAAJ
Yoshito Ohta,Kyoto University,http://www.bode.amp.i.kyoto-u.ac.jp/member/yoshito_ohta/research-en.html,NOSCHOLARPAGE
Yoshiyuki Kabashima,Tokyo Institute of Technology,http://www.sp.dis.titech.ac.jp/~kaba/index_e.html,NLBZuoEAAAAJ
Yoshiyuki Sankai,University of Tsukuba,https://trios.tsukuba.ac.jp/researcher/0000001020,lhQsG-MAAAAJ
Yoshua Bengio,University of Montreal,http://www.iro.umontreal.ca/~bengioy,kukA0LcAAAAJ
Yosi Ben-Asher,University of Haifa,http://cs.haifa.ac.il/~yosi,4szBC0IAAAAJ
Yossef Oren,Ben-Gurion University of the Negev,https://iss.oy.ne.ro,_V9NAX8AAAAJ
Yossi Azar,Tel Aviv University,http://www.cs.tau.ac.il/~azar,ShzSUnwAAAAJ
Yossi Gil,Technion,http://www.cs.technion.ac.il/~yogi,NOSCHOLARPAGE
Yossi Gilad,Hebrew University of Jerusalem,https://www.cs.huji.ac.il/~yossigi,J2P_wDYAAAAJ
Yossi Matias,Tel Aviv University,http://www.math.tau.ac.il/~matias,IwSe1-MAAAAJ
Yossi Oren,Ben-Gurion University of the Negev,https://iss.oy.ne.ro,_V9NAX8AAAAJ
Yotam I. Gingold,George Mason University,http://cs.gmu.edu/~ygingold,lFh34ncAAAAJ
Youcef Saad,University of Minnesota,http://www-users.cs.umn.edu/~saad,90qiDCwAAAAJ
Youcheng Sun,Queen's University Belfast,https://www.qub.ac.uk/schools/eeecs/Connect/Staff/BusinessCard/?name=youcheng.sun,Qbb5pBUAAAAJ
Youhei Akimoto,University of Tsukuba,https://sites.google.com/site/youheiakimotospage,m7OXdsUAAAAJ
Youhui Zhang,Tsinghua University,http://www.cs.tsinghua.edu.cn/publish/csen/4623/2010/20101225001041770110054/20101225001041770110054_.html,NOSCHOLARPAGE
Youjian Zhao,Tsinghua University,http://www.tsinghua.edu.cn/publish/csen/4623/2010/20101224200728346539633/20101224200728346539633_.html,NOSCHOLARPAGE
Youjip Won,KAIST,http://oslab.kaist.ac.kr/professor-youjip-won,qy7uO-UAAAAJ
Youming Qiao,University of Technology Sydney,https://www.uts.edu.au/staff/youming.qiao,rfr7X5IAAAAJ
Youn-Long Steve Lin,National Tsing Hua University,http://www.cs.nthu.edu.tw/~ylin,jYgzZWIAAAAJ
Young Cao,Virginia Tech,http://people.cs.vt.edu/~ycao,EFD4OrIAAAAJ
Young Choon Lee,Macquarie University,http://web.science.mq.edu.au/~yclee,Kuno2i4AAAAJ
Young Hee Lee,KAIST,http://pbg.kaist.ac.kr,vZXxTu0AAAAJ
Young-Joo Suh,POSTECH,http://monet.postech.ac.kr/yjsuh,MW-4uU4AAAAJ
Young-Kyoon Suh,Kyungpook National University,https://sites.google.com/view/yksuh,MTygvIsAAAAJ
Young-Woo Kwon 0001,Kyungpook National University,http://sslab.knu.ac.kr,ld-VWe8AAAAJ
Young-ri Choi,UNIST,http://ychoi.unist.ac.kr,NOSCHOLARPAGE
Youngbin Im,UNIST,https://ybim.github.io,oktgJK8AAAAJ
Younghun Chae,Kent State University,https://www.kent.edu/cs/younghun-chae,5INt75sAAAAJ
Youngjin Kwon,KAIST,https://sites.google.com/view/yjkwon/home,HvcmnF8AAAAJ
Youngjung Uh,Yonsei University,https://sites.google.com/site/youngjunguh,BWBGrEEAAAAJ
Youngki Lee,Seoul National University,https://youngkilee.blogspot.com,Ltw2N1QAAAAJ
Youngmoon Lee,Hanyang University,https://sites.google.com/umich.edu/youngmoonlee/home,Dvc4avsAAAAJ
Youngsok Kim,Yonsei University,https://youngsok.github.io,ukhi3-QAAAAJ
Yousef Saad,University of Minnesota,http://www-users.cs.umn.edu/~saad,90qiDCwAAAAJ
Yousra Aafer,University of Waterloo,https://cs.uwaterloo.ca/people-profiles/yousra-aafer,sx3vhoMAAAAJ
Youssef Saab,University of Missouri,https://engineering.missouri.edu/faculty/youssef-saab,NOSCHOLARPAGE
Youtao Zhang,University of Pittsburgh,https://cs.pitt.edu/~zhangyt,zvbUOD8AAAAJ
Youyi Zheng,Zhejiang University,http://www.cad.zju.edu.cn/home/zyy/index.html,7gA-o6gAAAAJ
Youyou Lu,Tsinghua University,http://storage.cs.tsinghua.edu.cn/~lu,ZWEasbEAAAAJ
Yu Cao 0002,University of Massachusetts Lowell,https://www.uml.edu/Sciences/computer-science/faculty/Cao-Yu.aspx,mbnBXEwAAAAJ
Yu Charlie Hu,Purdue University,https://engineering.purdue.edu/~ychu,r1Z8YhQAAAAJ
Yu Cheng 0002,University of Illinois at Chicago,http://homepages.math.uic.edu/~yucheng,lVoOIv4AAAAJ
Yu David Liu,Binghamton University,http://www.cs.binghamton.edu/~davidl,_KCqeIEAAAAJ
Yu F. Mong,City University of Hong Kong,https://www.cs.cityu.edu.hk/profile/csymong.html,NOSCHOLARPAGE
Yu Feng,Univ. of California - Santa Barbara,http://fredfeng.github.io,urQ9fNgAAAAJ
Yu Hu 0001,Chinese Academy of Sciences,http://teacher.ucas.ac.cn/~huyu,VPA-MkkAAAAJ
Yu Huang 0002,Nanjing University,https://cs.nju.edu.cn/yuhuang,UWquqLIAAAAJ
Yu Jiang 0001,Tsinghua University,https://sites.google.com/site/jiangyu198964/home,NOSCHOLARPAGE
Yu Kong,Rochester Institute of Technology,https://people.rit.edu/yukics,wXA8nb4AAAAJ
Yu Lei,University of Texas at Arlington,http://ranger.uta.edu/~ylei,YG60wS4AAAAJ
Yu Li 0006,Chinese University of Hong Kong,https://liyu95.com,8YHZx-AAAAAJ
Yu Lin,Australian National University,https://cecs.anu.edu.au/people/yu-lin,KDwSQ0gAAAAJ
Yu Long 0001,Shanghai Jiao Tong University,https://www.facebook.com/public/Long-Yu/school/Shanghai-Jiao-Tong-University-109235979095677,p1rD-B0AAAAJ
Yu Mong,City University of Hong Kong,https://www.cs.cityu.edu.hk/profile/csymong.html,NOSCHOLARPAGE
Yu Qiao 0001,Chinese Academy of Sciences,http://mmlab.siat.ac.cn/yuqiao/index.html,gFtI-8QAAAAJ
Yu Su 0001,Ohio State University,https://cse.osu.edu/people/su.809,rIh5OqoAAAAJ
Yu Sun 0004,University of South Florida,http://www.cse.usf.edu/~yusun,n5G2xkIAAAAJ
Yu Wang 0003,Temple University,https://cis.temple.edu/~yu,ouPBv-wAAAAJ
Yu Wang 0093,Nanjing University,https://itwoi.github.io,OZRduO0AAAAJ
Yu Yu 0001,Shanghai Jiao Tong University,http://yuyu.hk,lpRkCB4AAAAJ
Yu Zhang 0030,Harbin Institute of Technology,http://homepage.hit.edu.cn/yzhang,yyG8xWcAAAAJ
Yu Zhang 0036,Harbin Institute of Technology,http://homepage.hit.edu.cn/zhangyu145,HmQlB2UAAAAJ
Yu Zhuang,Texas Tech University,http://www.depts.ttu.edu/cs/faculty/faculty.php?name=Yu%20Zhuang,NOSCHOLARPAGE
Yu-Bin Yang,Nanjing University,https://cs.nju.edu.cn/yangyubin,kLOKBgUAAAAJ
Yu-Chee Tseng,National Chiao Tung University,https://sites.google.com/site/yc0405,BvZeOPIAAAAJ
Yu-Cheng Tu 0001,University of Auckland,https://unidirectory.auckland.ac.nz/profile/ytu001,163V6g0AAAAJ
Yu-Feng Li,Nanjing University,http://lamda.nju.edu.cn/liyf,5iQDMtUAAAAJ
Yu-Gang Jiang,Fudan University,http://www.yugangjiang.info,f3_FP8AAAAAJ
Yu-Kai Wang,University of Technology Sydney,https://www.uts.edu.au/staff/yukai.wang,n0Zxoa4AAAAJ
Yu-Kun Lai,Cardiff University,https://www.cardiff.ac.uk/people/view/118139-lai-yukun,0i-Nzv0AAAAJ
Yu-Ping Wang 0001,Tsinghua University,http://cg.cs.tsinghua.edu.cn/os/people/~yuping/index.html,AdCVXc8AAAAJ
Yu-Ru Lin,University of Pittsburgh,http://www.yurulin.com,9EeqDSEAAAAJ
Yu-Shen Liu,Tsinghua University,http://cgcad.thss.tsinghua.edu.cn/liuyushen,Vo4ZHu0AAAAJ
Yu-Shuen Wang,National Chiao Tung University,http://www.cs.nctu.edu.tw/~yushuen,AKeIOxIAAAAJ
Yu-Sung Wu,National Chiao Tung University,http://www.cs.nctu.edu.tw/~ysw,NOSCHOLARPAGE
Yu-Tai Ching,National Chiao Tung University,https://www.cs.nctu.edu.tw/members/detail/ytc,Gne6kXkAAAAJ
Yu-Xiang Wang,Univ. of California - Santa Barbara,https://www.cs.ucsb.edu/~yuxiangw,HGNZ1fkAAAAJ
Yu-Xiong Wang,Univ. of Illinois at Urbana-Champaign,https://yxw.web.illinois.edu,T_Q-xDkAAAAJ
Yu-xiang Wang,Univ. of California - Santa Barbara,https://www.cs.ucsb.edu/~yuxiangw,HGNZ1fkAAAAJ
Yuan Fang 0001,Singapore Management University,https://sis.smu.edu.sg/faculty/profile/156391/FANG-Yuan,XkBJjPUAAAAJ
Yuan Feng 0001,University of Technology Sydney,https://www.uts.edu.au/staff/yuan.feng,iJD-WFUAAAAJ
Yuan He 0004,Tsinghua University,http://www.greenorbs.org/people/heyuan,5ojW7_UAAAAJ
Yuan Hong,Illinois Institute of Technology,https://science.iit.edu/people/faculty/yuan-hong,NOSCHOLARPAGE
Yuan Jiang 0001,Nanjing University,http://lamda.nju.edu.cn/jiangy,Qp_v9woAAAAJ
Yuan Luo,Shanghai Jiao Tong University,http://www.cs.sjtu.edu.cn/en/PeopleDetail.aspx?id=155,NOSCHOLARPAGE
Yuan Tang,Fudan University,http://people.csail.mit.edu/yuantang,kC2YD14AAAAJ
Yuan Tian 0001,University of Virginia,https://www.ytian.info,ja0GtqgAAAAJ
Yuan Tian 0008,Queen’s University,http://sophiaytian.com,wX4le_QAAAAJ
Yuan Xie 0001,Univ. of California - Santa Barbara,http://www.ece.ucsb.edu/~yuanxie,dK2ZuDcAAAAJ
Yuan Yuan 0001,NWPU,https://teacher.nwpu.edu.cn/m/en/2018010291.html,NOSCHOLARPAGE
Yuan Zhang 0009,Fudan University,https://yuanxzhang.github.io,ZEgzyZcAAAAJ
Yuan Zhou 0007,Indiana University,https://www.soic.indiana.edu/all-people/profile.html?profile_id=442,aR34e1gAAAAJ
Yuan-Fang Li,Monash University,http://monash.edu/research/explore/en/persons/yuanfang-li(45cfb4c4-99f3-4880-a1fd-b353372086b6).html,wufXO1kAAAAJ
Yuan-Fang Wang,Univ. of California - Santa Barbara,http://www.cs.ucsb.edu/~yfwang,9177npMAAAAJ
Yuan-Shun Dai,UESTC,http://www.scse.uestc.edu.cn:8080/teacherteam-english/teacher/view.html?id=44,DRCdhcwAAAAJ
Yuanchao Liu,Harbin Institute of Technology,http://homepage.hit.edu.cn/ycliu,NOSCHOLARPAGE
Yuanchun Shi,Tsinghua University,http://media.cs.tsinghua.edu.cn/en/shiyc,NOSCHOLARPAGE
Yuanfang Cai,Drexel University,https://www.cs.drexel.edu/~yfcai,14rruLUAAAAJ
Yuanjie Li,Tsinghua University,http://yuanjiel.com,CuhB7CMAAAAJ
Yuanlin Zhang 0002,Texas Tech University,http://www.depts.ttu.edu/cs/faculty/faculty.php?name=Yuanlin%20Zhang,1W7pOqkAAAAJ
Yuanqing Zheng,The Hong Kong Polytechnic University,http://www4.comp.polyu.edu.hk/~csyqzheng,dX8YgiQAAAAJ
Yuanshun Dai,UESTC,http://www.scse.uestc.edu.cn:8080/teacherteam-english/teacher/view.html?id=44,DRCdhcwAAAAJ
Yuanxiang Li,Wuhan University,http://cs.whu.edu.cn/teacherinfo.aspx?id=222,NOSCHOLARPAGE
Yuanyuan (YY) Zhou,Univ. of California - San Diego,https://cseweb.ucsd.edu/~yyzhou,rWl0U0oAAAAJ
Yuanyuan Yang 0001,Stony Brook University,https://www.cs.stonybrook.edu/people/faculty/YuanyuanYang,sPDAJ7MAAAAJ
Yuanyuan Zhang 0002,Shanghai Jiao Tong University,https://loccs.sjtu.edu.cn/~yyzhang,JmYcSzkAAAAJ
Yuanyuan Zhou 0001,Univ. of California - San Diego,https://cseweb.ucsd.edu/~yyzhou,rWl0U0oAAAAJ
Yuanzhi Li,Carnegie Mellon University,https://web.stanford.edu/~yuanzhil,NOSCHOLARPAGE
Yuanzhu Peter Chen,Memorial University of Newfoundland,https://www.mun.ca/computerscience/people/yzchen.php,N1cMtxwAAAAJ
Yubao Wu,Georgia State University,http://cs.gsu.edu/profile/yubao-wu,Ussl738AAAAJ
Yubin Xia,Shanghai Jiao Tong University,http://en.se.sjtu.edu.cn/teacher/teacherdetail.aspx?id=26,jHYNM6QAAAAJ
Yubin Yang,Nanjing University,https://cs.nju.edu.cn/yangyubin,kLOKBgUAAAAJ
Yubo Tao,Zhejiang University,http://www.cad.zju.edu.cn/home/ybtao,NOSCHOLARPAGE
Yücel Saygin,Sabancı University,http://people.sabanciuniv.edu/ysaygin,2hVUXWMAAAAJ
Yucel Yemez,Koç University,http://network.ku.edu.tr/~yyemez,12csu04AAAAJ
Yücel Yemez,Koç University,http://network.ku.edu.tr/~yyemez,12csu04AAAAJ
Yuchao Dai,NWPU,https://teacher.nwpu.edu.cn/m/en/2017010207.html,fddAbqsAAAAJ
Yuchen Li 0001,Singapore Management University,https://sis.smu.edu.sg/faculty/profile/153986/LI-Yuchen,M4DWiJUAAAAJ
Yuchun Ma,Tsinghua University,http://www.cs.tsinghua.edu.cn/publish/csen/4623/2010/20101224001648255401152/20101224001648255401152_.html,NOSCHOLARPAGE
Yue Cao 0002,Lancaster University,https://www.lancaster.ac.uk/scc/about-us/people/yue-cao,NOSCHOLARPAGE
Yue Cheng,George Mason University,http://people.cs.vt.edu/yuec,UFAgKLgAAAAJ
Yue Duan,Illinois Institute of Technology,https://yueduan.github.io,q3rLf5kAAAAJ
Yue Gao 0002,Tsinghua University,http://www.gaoyue.org,UTDfWocAAAAJ
Yue Jia 0001,University College London,http://www0.cs.ucl.ac.uk/staff/Y.Jia,DG4Q08UAAAAJ
Yue Li 0006,Nanjing University,https://yuelee.bitbucket.io,i1f0dbkAAAAJ
Yue Ning,Stevens Institute of Technology,https://yue-ning.github.io,mVR8ROsAAAAJ
Yue Qi,Beihang University,http://scse.buaa.edu.cn/info/1078/2661.htm,NOSCHOLARPAGE
Yue Zhang 0004,Westlake University,https://frcchang.github.io,6hA7WmUAAAAJ
Yue Zhang 0009,Oregon State University,http://eecs.oregonstate.edu/people/zhang-yue,NOSCHOLARPAGE
Yue-Zhi Zhou,Tsinghua University,http://media.cs.tsinghua.edu.cn/~ns/eng/zyz/zhouyz.html,NOSCHOLARPAGE
Yuebin Bai,Beihang University,http://scse.buaa.edu.cn/info/1078/2662.htm,NOSCHOLARPAGE
Yueguo Chen,Renmin University of China,http://info.ruc.edu.cn/academic_professor.php?teacher_id=23,NOSCHOLARPAGE
Yuejie Zhang,Fudan University,http://www.cs.fudan.edu.cn/?page_id=5518###,NOSCHOLARPAGE
Yuen-Tak Yu,City University of Hong Kong,https://www.cs.cityu.edu.hk/~ytyu,NOSCHOLARPAGE
Yueting Zhuang,Zhejiang University,http://mypage.zju.edu.cn/0089133,1RD7UJAAAAAJ
Yuezhi Zhou,Tsinghua University,http://media.cs.tsinghua.edu.cn/~ns/eng/zyz/zhouyz.html,NOSCHOLARPAGE
Yufei Ding,Univ. of California - Santa Barbara,https://cs.ucsb.edu/~yufeiding,ZuNK2XkAAAAJ
Yufei Tang,Florida Atlantic University,http://faculty.eng.fau.edu/tangy,tkzHKDoAAAAJ
Yufei Tao,Chinese University of Hong Kong,http://www.cse.cuhk.edu.hk/~taoyf,3FmJBHkAAAAJ
Yufeng J. Tseng,National Taiwan University,http://ah.ntu.edu.tw/web/Teacher!one.action?tid=2147,NOSCHOLARPAGE
Yufeng Jane Tseng,National Taiwan University,http://ah.ntu.edu.tw/web/Teacher!one.action?tid=2147,NOSCHOLARPAGE
Yufeng Wu,University of Connecticut,http://www.engr.uconn.edu/~ywu,9PWUX9QAAAAJ
Yufeng Zhang 0001,Hunan University,http://csee.hnu.edu.cn/people/zhangyufeng,z9UfxQkAAAAJ
Yugyung Lee,University of Missouri - Kansas City,http://sce2.umkc.edu/csee/leeyu,BwE_CWcAAAAJ
Yuh-Dauh Lyuu,National Taiwan University,https://www.csie.ntu.edu.tw/~lyuu,NOSCHOLARPAGE
Yuh-Jyh Hu,National Chiao Tung University,http://www.cis.nctu.edu.tw/chinese/doc/people/ShortIntro/yhu.htm,NOSCHOLARPAGE
Yuh-Min Chen,National Cheng Kung University,http://www.csie.ncku.edu.tw/ncku_csie/depmember/teacherdetail/id/39,NOSCHOLARPAGE
Yuhao Zhu 0001,University of Rochester,http://www.yuhaozhu.com,gyvpAroAAAAJ
Yuhong Guo,Carleton University,https://carleton.ca/scs/people/yuhong-guo,Q7VKnRYAAAAJ
Yuhong Yan,Concordia University,http://users.encs.concordia.ca/~yuhong,1LOd4w4AAAAJ
Yuhua Li,Cardiff University,https://www.cardiff.ac.uk/people/view/1063589-li-yuhua,33T8CtwAAAAJ
Yuichiro Yoshikawa,Osaka University,https://sites.google.com/a/irl.sys.es.osaka-u.ac.jp/top-en/home/member,NOSCHOLARPAGE
Yuke Zhu,University of Texas at Austin,https://www.cs.utexas.edu/~yukez,mWGyYMsAAAAJ
Yuki Arase,Osaka University,http://www-bigdata.ist.osaka-u.ac.jp/ja/home,uoL1Wr0AAAAJ
Yuki Endo,University of Tsukuba,http://www.cgg.cs.tsukuba.ac.jp/~endo/index_en.html,NOSCHOLARPAGE
Yuki Hashimoto,University of Tsukuba,https://sites.google.com/site/yhrips,NOSCHOLARPAGE
Yukino Baba,University of Tsukuba,http://yukinobaba.jp,6vT7zVEAAAAJ
Yukiyasu Kamitani,Kyoto University,http://kamitani-lab.ist.i.kyoto-u.ac.jp,m5wNiJ4AAAAJ
Yulan He,University of Warwick,https://warwick.ac.uk/fac/sci/dcs/people/yulan_he,SP9r32UAAAAJ
Yulei Sui,University of Technology Sydney,https://www.uts.edu.au/staff/yulei.sui,wGHqq1cAAAAJ
Yulei Wu,University of Exeter,http://emps.exeter.ac.uk/computer-science/staff/yw433,NOSCHOLARPAGE
Yulia Cherdantseva,Cardiff University,https://www.cardiff.ac.uk/people/view/118119-cherdantseva-yulia,W_CRsMsAAAAJ
Yulia Timofeeva,University of Warwick,https://warwick.ac.uk/fac/sci/dcs/people/y_timofeeva,ICL9ZiwAAAAJ
Yulia Tsvetkov,Carnegie Mellon University,http://www.cs.cmu.edu/~ytsvetko,SEDPkrsAAAAJ
Yuliang Zheng,University of Alabama - Birmingham,https://www.uab.edu/cas/news/announcements/item/5394-dr-yuliang-zheng-named-new-chair-of-department-of-computer-and-information-sciences,f2y_I24AAAAJ
Yuliya Babovich,University of Nebraska - Omaha,https://www.unomaha.edu/college-of-information-science-and-technology/about/faculty-staff/yuliya-lierler.php,KlTD9RQAAAAJ
Yuliya Babovich-Lierler,University of Nebraska - Omaha,https://www.unomaha.edu/college-of-information-science-and-technology/about/faculty-staff/yuliya-lierler.php,KlTD9RQAAAAJ
Yuliya Lierler,University of Nebraska - Omaha,https://www.unomaha.edu/college-of-information-science-and-technology/about/faculty-staff/yuliya-lierler.php,KlTD9RQAAAAJ
Yumei Huo,CUNY,http://www.cs.csi.cuny.edu/~yumei,zpwr3EEAAAAJ
Yuming Zhou,Nanjing University,https://cs.nju.edu.cn/zhouyuming,NOSCHOLARPAGE
Yun Fu 0001,Northeastern University,http://www1.ece.neu.edu/~yunfu,h-JEcQ8AAAAJ
Yun Huang 0003,Univ. of Illinois at Urbana-Champaign,https://ischool.illinois.edu/people/yun-huang,QgHcQBsAAAAJ
Yun Kuen Cheung,Royal Holloway University of London,https://www.cs.rhul.ac.uk/home/ujac002,7rlVH7gAAAAJ
Yun Liang 0001,Peking University,http://ceca.pku.edu.cn/en/team.php?action=show&member_id=14,Ltp8loUAAAAJ
Yun S. Song,Univ. of California - Berkeley,http://www.eecs.berkeley.edu/~yss,NOSCHOLARPAGE
Yun Sing Koh,University of Auckland,https://www.cs.auckland.ac.nz/~yunsing,0L38IrAAAAAJ
Yun Xiong,Fudan University,http://www.cs.fudan.edu.cn/?page_id=1979,NOSCHOLARPAGE
Yun-Heh Chen-Burger,Heriot-Watt University,https://researchportal.hw.ac.uk/en/persons/yun-heh-chen-burger,GKiqYxoAAAAJ
Yun-Heh Jessica Chen-Burger,Heriot-Watt University,https://researchportal.hw.ac.uk/en/persons/yun-heh-chen-burger,GKiqYxoAAAAJ
Yun-Nung Chen,National Taiwan University,https://www.csie.ntu.edu.tw/~yvchen,jQLg-_UAAAAJ
Yunan Chen,Univ. of California - Irvine,http://www.ics.uci.edu/~yunanc,LGHhEQ8AAAAJ
Yunbo Wang,Shanghai Jiao Tong University,http://people.csail.mit.edu/yunbo,C8bGfr0AAAAJ
Yunbo Zhang,Rochester Institute of Technology,http://www.willyunbozhang.com,jJ5svmIAAAAJ
Yunchao Wei,University of Technology Sydney,https://weiyc.github.io,qL9Csv0AAAAJ
Yunfang Wu,Peking University,http://icl.pku.edu.cn/members/wuyf/default.htm,NOSCHOLARPAGE
Yung H. Tsin,University of Windsor,http://www.uwindsor.ca/science/computerscience/1025/dr-yung-h-tsin,NOSCHOLARPAGE
Yung Yi,KAIST,http://lanada.kaist.ac.kr/~yi,DESZt8wAAAAJ
Yung-Hsiang Lu,Purdue University,https://engineering.purdue.edu/ECE/People/profile?resource_id=3355,aORND2cAAAAJ
Yung-Ju Chang,National Chiao Tung University,http://people.cs.nctu.edu.tw/~armuro,KRQlQOIAAAAJ
Yung-Nien Sun,National Cheng Kung University,http://www.csie.ncku.edu.tw/ncku_csie/depmember/teacherdetail/id/3,NOSCHOLARPAGE
Yung-Yu Chuang,National Taiwan University,https://www.csie.ntu.edu.tw/~cyy,uSS3FwQAAAAJ
Yungang Bao,Chinese Academy of Sciences,http://asg.ict.ac.cn/baoyg,F2vVbs8AAAAJ
Yunhai Tong,Peking University,http://www.cis.pku.edu.cn/faculty/system/tongyunhai/tongyunhai.htm,NOSCHOLARPAGE
Yunhai Wang,Shandong University,http://www.yunhaiwang.net,ngPMK7QAAAAJ
Yunhang Zhao,University of Wisconsin-Madison,https://www.yuhangz.com,yeNjTZUAAAAJ
Yunhao Liu,Michigan State University,https://www.cse.msu.edu/~liuyunha,hon00PIAAAAJ
Yunhe Pan,Zhejiang University,http://mypage.zju.edu.cn/panyunhe,NOSCHOLARPAGE
Yunheung Paek,Seoul National University,http://sor.snu.ac.kr/document/professors,lQ6E5F0AAAAJ
Yunhong Wang,Beihang University,http://irip.buaa.edu.cn/yhwang,0ez7lA0AAAAJ
Yuni Xia,IUPUI,http://cs.iupui.edu/~yxia,NOSCHOLARPAGE
Yunja Choi,Kyungpook National University,http://sselab.dothome.co.kr/wordpress/index.php/yunjachoi,_m9BfuwAAAAJ
Yunjun Gao,Zhejiang University,http://mypage.zju.edu.cn/gaoyj_cn,NOSCHOLARPAGE
Yunlei Zhao,Fudan University,http://www.cs.fudan.edu.cn/?page_id=2655###,NOSCHOLARPAGE
Yunong Zhang,Sun Yat-sen University,http://yss.sysu.edu.cn/node/376,o7Wj-9sAAAAJ
Yunpeng Chai,Renmin University of China,http://info.ruc.edu.cn/en/faculty_detail.php?id=42,KzsOokYAAAAJ
Yunpeng Li,University of Surrey,https://www.surrey.ac.uk/people/yunpeng-li,JzyKdRUAAAAJ
Yunqiang Yin,UESTC,http://www.mgmt.uestc.edu.cn/Document/TeacherList?Id=946,NOSCHOLARPAGE
Yuntao Wang 0001,Tsinghua University,http://pi.cs.tsinghua.edu.cn/lab/people/YuntaoWang,kHpwoAUAAAAJ
Yunus Emre Selçuk,Yıldız Technical University,https://www.ce.yildiz.edu.tr/personal/yunus?lang=en,BnvP05kAAAAJ
Yunxin Zhao,University of Missouri,https://engineering.missouri.edu/faculty/yunxin-zhao,NOSCHOLARPAGE
Yupeng Hu,Hunan University,http://www.yphu.cn/publications,NOSCHOLARPAGE
Yupeng Zhang 0001,Texas A&M University,http://people.tamu.edu/~zhangyp,nLnKIikAAAAJ
Yuping Wang 0001,Tsinghua University,http://cg.cs.tsinghua.edu.cn/os/people/~yuping/index.html,AdCVXc8AAAAJ
Yuqian Wu,Peking University,http://www.icst.pku.edu.cn/audioLab/researchgroup.htm,NOSCHOLARPAGE
Yuqing Kong,Peking University,https://cfcs.pku.edu.cn/yuqkong,U5k-29kAAAAJ
Yuri Boykov,University of Waterloo,http://www.csd.uwo.ca/~yuri,h6_PdYsAAAAJ
Yuri Frota,UFF,http://www2.ic.uff.br/~yuri,fTsmjYkAAAAJ
Yuri Kalnishkan,Royal Holloway University of London,https://pure.royalholloway.ac.uk/portal/en/persons/yuri-kalnishkan_caa6d523-960f-4092-b49a-b5757cba4a9d.html,PDsTkmoAAAAJ
Yuri Rabinovich,University of Haifa,https://cs.haifa.ac.il/~yuri,sgH6VuwAAAAJ
Yuriy Brun,University of Massachusetts Amherst,https://people.cs.umass.edu/~brun,YVfr3wwAAAAJ
Yuru Pei,Peking University,http://www.cis.pku.edu.cn/vision/Visual&Robot/people/pei%20yuru/pyr.htm,NOSCHOLARPAGE
Yury Makarychev,TTI Chicago,http://ttic.uchicago.edu/~yury,NOSCHOLARPAGE
Yury Polyanskiy,Massachusetts Institute of Technology,http://www.mit.edu/~ypol,NOSCHOLARPAGE
Yuseok Jeon,UNIST,https://ysjeon.net,jiWJfWkAAAAJ
Yusu Wang,Univ. of California - San Diego,http://yusu.belkin-wang.org,L7jhqMIAAAAJ
Yusuf Murat Erten,Izmir Institute of Technology,http://ceng.iyte.edu.tr/people/murat-erten,XY_kpWgAAAAJ
Yusuf Sahillioglu,Middle East Technical University,http://user.ceng.metu.edu.tr/~ys,1bu8cjoAAAAJ
Yusuf Yaslan,Istanbul Technical University,https://web.itu.edu.tr/yyaslan,0GSCY28AAAAJ
Yusuke Miyao,University of Tokyo,https://mynlp.github.io/en,NOSCHOLARPAGE
Yuta Itoh 0001,Tokyo Institute of Technology,http://www.ar.c.titech.ac.jp,Di_mQ08AAAAJ
Yuta Nakashima,Osaka University,https://www.n-yuta.jp,LNvd0VQAAAAJ
Yuta Sugiura,Keio University,https://lclab.org/people/yutasugiura,ZlK1mVsAAAAJ
Yutaka Akiyama,Tokyo Institute of Technology,http://www.bi.cs.titech.ac.jp/web/top_en.html,NOSCHOLARPAGE
Yutaka Satoh,University of Tsukuba,https://staff.aist.go.jp/yu.satou,NOSCHOLARPAGE
Yutao Ma,Wuhan University,http://cs.whu.edu.cn/teacherinfo.aspx?id=206,_92TyiIAAAAJ
Yuting Chen,Shanghai Jiao Tong University,http://en.se.sjtu.edu.cn/teacher/teacherdetail.aspx?id=31,2AjR92EAAAAJ
Yuval Elovici,Ben-Gurion University of the Negev,https://cyber.bgu.ac.il/yuval,ruZDm9QAAAAJ
Yuval Emek,Technion,https://yemek.net.technion.ac.il,q2WvHtkAAAAJ
Yuval Filmus,Technion,http://www.cs.technion.ac.il/people/yuvalfi,TFvs8NgAAAAJ
Yuval Ishai,Technion,http://www.cs.technion.ac.il/~yuvali,zc920lAAAAAJ
Yuval Kochman,Hebrew University of Jerusalem,http://www.cs.huji.ac.il/~yuvalko,gNoj8SkAAAAJ
Yuval Rabani,Hebrew University of Jerusalem,http://www.cs.huji.ac.il/~yrabani/Yuval_Rabani/Yuval_Rabani.html,vTigGywAAAAJ
Yuval Tamir,Univ. of California - Los Angeles,http://www.cs.ucla.edu/~tamir,NOSCHOLARPAGE
Yuval Yarom,University of Adelaide,https://www.adelaide.edu.au/directory/yuval.yarom,gUnKl-cAAAAJ
Yuvraj Agarwal,Carnegie Mellon University,http://www.synergylabs.org/yuvraj,H4UeZ2MAAAAJ
Yuxi Fu,Shanghai Jiao Tong University,http://basics.sjtu.edu.cn/~yuxi,NOSCHOLARPAGE
Yuxiang Wang,Univ. of California - Santa Barbara,https://www.cs.ucsb.edu/~yuxiangw,HGNZ1fkAAAAJ
Yuxin Chen 0001,University of Chicago,https://www.cs.uchicago.edu/people/profile/yuxin-chen1,-k1N7HAAAAAJ
Yuxin Chen 0002,Princeton University,http://www.princeton.edu/~yc5,RtNVud4AAAAJ
Yuxin Peng,Peking University,http://www.icst.pku.edu.cn/mipl/yuxinpeng,mFsXPNYAAAAJ
Yuying Li,University of Waterloo,https://cs.uwaterloo.ca/~yuying,Ye3jjOQAAAAJ
Yuzhe Tang,Syracuse University,http://eng-cs.syr.edu/news-events/news/su-professor-yuzhe-tang-bitcoin-criminal-activity-digital-currency-disrupts-traditional-banking,NOSCHOLARPAGE
Yuzhen Ye,Indiana University,http://mendel.informatics.indiana.edu/~yye/lab,fH_ea0kAAAAJ
Yuzhong Qu,Nanjing University,http://ws.nju.edu.cn/~yzqu,NOSCHOLARPAGE
Yvan Peter,CRIStAL,http://cristal.univ-lille.fr/~peter,LM3OsaIAAAAJ
Yves Caniou,Ecole Normale Superieure de Lyon,http://graal.ens-lyon.fr/~ycaniou,NOSCHOLARPAGE
Yves Le Traon,University of Luxembourg,http://wwwen.uni.lu/recherche/fstc/computer_science_and_communications_research_unit/members/yves_le_traon,Wr0JrioAAAAJ
Yves Lesperance,York University,http://eecs.lassonde.yorku.ca/faculty/yves-lesperance,NOSCHOLARPAGE
Yves Robert,Ecole Normale Superieure de Lyon,http://graal.ens-lyon.fr/~yrobert,V-Aa0moAAAAJ
Yves Roggeman,Université libre de Bruxelles,http://www.ulb.ac.be/di/scsi/yrogge,NOSCHOLARPAGE
Yves Roos,CRIStAL,https://www.cristal.univ-lille.fr/profil/yroos,Bnsty4EAAAAJ
Yves-Alexandre de Montjoye,Imperial College London,https://www.imperial.ac.uk/computing/people/academic-staff,LVJtdoEAAAAJ
Yves-Stan Le Cornec,Ecole Normale Superieure de Lyon,http://www.ens-lyon.fr/m-yves-stan-le-cornec--318140.kjsp?RH=ENS-LYON-FR-CHERCHEU,NOSCHOLARPAGE
Yvo Desmedt,University of Texas at Dallas,http://www.utdallas.edu/~Yvo.Desmedt,NOSCHOLARPAGE
Yvonne Coady,University of Victoria,http://www.cs.uvic.ca/~ycoady,Z4GOmPMAAAAJ
Yvonne Dittrich,IT University of Copenhagen,https://pure.itu.dk/portal/en/persons/yvonne-dittrich(f2136570-f73c-446f-9fb0-6d9e461e2124).html,K6o-8eEAAAAJ
Yvonne Margaret Howard,University of Southampton,https://www.ecs.soton.ac.uk/people/ymhoward,NOSCHOLARPAGE
Yvonne Rogers,University College London,https://uclic.ucl.ac.uk/people/yvonne-rogers,qzcYcEAAAAAJ
Junyang Chen,Shenzhen University,http://csse.szu.edu.cn/cn/people?149437,Q0u3dRQAAAAJ
