name,affiliation,homepage,scholarid
T. C. Hu,Univ. of California - San Diego,http://cseweb.ucsd.edu/~hu,OBvvEPcAAAAJ
T. C. Nicholas Graham,Queen’s University,http://www.cs.queensu.ca/~graham,urD_r2EAAAAJ
T. Daniel Loveless,Indiana University,https://luddy.indiana.edu/contact/profile/index.html?Daniel_Loveless,HPm-6isAAAAJ
T. Dean Hendrix,Auburn University,http://www.auburn.edu/~hendrtd,NOSCHOLARPAGE
T. E. Starner,Georgia Institute of Technology,http://www.cc.gatech.edu/home/thad,qr8Vo9IAAAAJ
T. Ian Simpson,University of Edinburgh,http://www.inf.ed.ac.uk/people/staff/Ian_Simpson.html,rmKe2dYAAAAJ
T. K. Srikanth,IIIT Bangalore,http://www.iiitb.ac.in/faculty_page.php?name=TKSrikanth,IFuQJy0AAAAJ
T. Kesavadas,Univ. of Illinois at Urbana-Champaign,http://ise.illinois.edu/directory/profile/kesh,gOOXpw0AAAAJ
T. M. Murali 0001,Virginia Tech,https://bioinformatics.cs.vt.edu/~murali,pdpOwtkAAAAJ
T. Metin Sezgin,Koç University,http://portal.ku.edu.tr/~mtsezgin,54PfvHMAAAAJ
T. N. Tan,Chinese Academy of Sciences,http://english.cas.cn/about_us/administration/administrators/201409/t20140926_128522.html,W-FGd_UAAAAJ
T. N. Vijaykumar,Purdue University,https://engineering.purdue.edu/ECE/People/ptProfile?resource_id=3293,6eun8QkAAAAJ
T. Patrick Martin,Queen’s University,http://www.cs.queensu.ca/home/martin,KgIpvIsAAAAJ
T. Ramakrishnudu,National Institute of Technology Warangal,https://wsdc.nitw.ac.in/facultynew/facultyprofile/id/16344,oscHBicAAAAJ
T. S. E. Maibaum,McMaster University,http://www.cas.mcmaster.ca/~maibaum,NOSCHOLARPAGE
T. S. Eugene Ng,Rice University,https://www.cs.rice.edu/~eugeneng,P07ZE9sAAAAJ
T. Trappenberg,Dalhousie University,https://www.dal.ca/faculty/computerscience/faculty-staff/thomas-trappenberg.html,EwkaTYEAAAAJ
T. V. Prabhakar,IIT Kanpur,http://www.cse.iitk.ac.in/users/tvp,vWvglUgAAAAJ
T. Venkatesh,IIT Guwahati,http://www.iitg.ernet.in/t.venkat,yxogbeoAAAAJ
T. Yung Kong,CUNY,http://www.gc.cuny.edu/Page-Elements/Academics-Research-Centers-Initiatives/Doctoral-Programs/Computer-Science/Faculty-Bios/T-Yung-Kong,Hbb5UBgAAAAJ
T. Z. Kalamboukis,AUEB,https://uregister-ldap.aueb.gr/en/faculty/kalamboukis-theodore,NOSCHOLARPAGE
T.-H. Hubert Chan,University of Hong Kong,https://i.cs.hku.hk/~hubert,F8_JP6sAAAAJ
Tachio Terauchi,Waseda University,http://www.f.waseda.jp/terauchi/index.html,-xOKb8sAAAAJ
Tack-Don Han,Yonsei University,https://sites.google.com/site/ysmslys/the-team/professor,9ws32TIAAAAJ
Tadao Murata,University of Illinois at Chicago,https://www.cs.uic.edu/k-Teacher/tadao-murataphd,NOSCHOLARPAGE
Tadao Takaoka,University of Canterbury,http://www.cosc.canterbury.ac.nz/tad.takaoka,M5viz6kAAAAJ
Tadayoshi Kohno,University of Washington,http://homes.cs.washington.edu/~yoshi,s_YDrrgAAAAJ
Tae Hee Han,Sungkyunkwan University,https://sites.google.com/view/idealab400525/home/,4m_r2psAAAAJ
Tae Hyun Kim 0006,Hanyang University,https://sites.google.com/site/lliger9/home,NOSCHOLARPAGE
Tae Oh,Rochester Institute of Technology,https://www.rit.edu/gccis/computingsecurity/people/tom-oh,ugbZoXwAAAAJ
Tae-Eui	Kam,Korea University,http://mailab.korea.ac.kr,y7B2OsUAAAAJ
Tae-Hyuk Ahn,Saint Louis University,https://cs.slu.edu/people/ahn,LzZLPpAAAAAJ
Tae-Hyun Oh,POSTECH,https://ami.postech.ac.kr,dMCBjeIAAAAJ
Tae-Kyun Kim,KAIST,https://sites.google.com/view/tkkim,j2WcLecAAAAJ
Taegyu Kim,Pennsylvania State University,https://tgkim.gitlab.io,XYW3vWEAAAAJ
Taeho Jung,University of Notre Dame,https://sites.nd.edu/taeho-jung,j7wN3bYAAAAJ
Taehwan Kim,UNIST,https://sites.google.com/view/taehwankim,5dGWexcAAAAJ
Taehyun Kim 0002,Seoul National University,https://cse.snu.ac.kr/en/professor/taehyun-kim,xLVkHSAAAAAJ
Taehyun Rhee,Victoria University of Wellington,http://ecs.victoria.ac.nz/Main/TaehyunRhee,ESQ0x2UAAAAJ
Taejoon Park,Hanyang University,http://cai.hanyang.ac.kr/sub2_1.php,ijf6dGMAAAAJ
Taejoong Chung,Virginia Tech,https://taejoong.github.io,_0mWbaoAAAAJ
Taekyoung Kwon 0001,Seoul National University,http://mmlab.snu.ac.kr/~tk,ruxWSFsAAAAJ
Taesoo Kim,Georgia Institute of Technology,https://taesoo.gtisc.gatech.edu,06hgT8gAAAAJ
Taesoo Kwon,Hanyang University,http://calab.hanyang.ac.kr/cgi-bin/home.cgi?node=Taesoo,rHOTTI0AAAAJ
Taeweon Suh,Korea University,http://esca.korea.ac.kr,NOSCHOLARPAGE
Taflan I. Gündem,Boğaziçi University,https://www.cmpe.boun.edu.tr/~gundem,NOSCHOLARPAGE
Taghi M. Khoshgoftaar,Florida Atlantic University,http://www.cse.fau.edu/~taghi,-PgNSCAAAAAJ
Taghi Mostafavi,UNC - Charlotte,https://webpages.uncc.edu/taghi/,NOSCHOLARPAGE
Taho Yang,National Cheng Kung University,http://www.csie.ncku.edu.tw/ncku_csie/depmember/teacherdetail/id/41,R1C6VZYAAAAJ
Tahsin M. Kurç,Stony Brook University,https://bmi.stonybrookmedicine.edu/people/tahsin_kurc,NOSCHOLARPAGE
Tai Sing Lee,Carnegie Mellon University,http://www.cnbc.cmu.edu/~tai,9TAiIIMAAAAJ
Taieb F. Znati,University of Pittsburgh,https://cs.pitt.edu/~znati,UnixVNQAAAAJ
Taieb Znati,University of Pittsburgh,https://cs.pitt.edu/~znati,UnixVNQAAAAJ
Taiji Suzuki,University of Tokyo,http://ibis.t.u-tokyo.ac.jp/suzuki,x8osrBsAAAAJ
Taisong Jin,Xiamen University,https://cs.xmu.edu.cn/info/1009/2169.htm,YoI65-0AAAAJ
Taisook Han,KAIST,https://cs.kaist.ac.kr/people/view?idx=32&kind=faculty&menu=160,NOSCHOLARPAGE
Taisuke Boku,University of Tsukuba,http://www.hpcs.cs.tsukuba.ac.jp/~taisuke/index-e.html,fL8Q3_IAAAAJ
Taisuke Kobayashi,National Institute of Informatics,https://www.nii.ac.jp/en/faculty/informatics/kobayashi_taisuke/,_osNFzIAAAAJ
Taisy Silva Weber,UFRGS,https://www.inf.ufrgs.br/site/docente/taisy-silva-weber,e62RF40AAAAJ
Tajana Rosing,Univ. of California - San Diego,http://cseweb.ucsd.edu/~trosing,CeieiIgAAAAJ
Tajana S. Rosing,Univ. of California - San Diego,http://cseweb.ucsd.edu/~trosing,CeieiIgAAAAJ
Tajana Simunic,Univ. of California - San Diego,http://cseweb.ucsd.edu/~trosing,CeieiIgAAAAJ
Tajana Simunic Rosing,Univ. of California - San Diego,http://cseweb.ucsd.edu/~trosing,CeieiIgAAAAJ
Tak Wah Lam,University of Hong Kong,https://i.cs.hku.hk/~twlam,wgvU0B8AAAAJ
Takaaki Ohnishi,University of Tokyo,http://www.canon-igs.org/en/fellows/takaaki_ohnishi.html,NOSCHOLARPAGE
Takafumi Kanamori,Tokyo Institute of Technology,https://sites.google.com/site/tokyotechkanamoritakafumilab/english,NOSCHOLARPAGE
Takahiro Hara,Osaka University,http://www-nishio.ist.osaka-u.ac.jp/~hara,Ly6jrBoAAAAJ
Takahiro Wada,NAIST,https://sites.google.com/view/humanroboticslab/takahiro-wada?authuser=0,AMyuZtQAAAAJ
Takamitsu Matsubara,NAIST,https://sites.google.com/view/naist-robot-learning-en?authuser=0,RFDSj_0AAAAJ
Takanori Kigawa,Tokyo Institute of Technology,http://kigawa-lab.riken.jp/titech,jSi1DZ0AAAAJ
Takao Onoye,Osaka University,http://www-ise2.ist.osaka-u.ac.jp/~onoye,Ln4-4eAAAAAJ
Takashi Inui,University of Tsukuba,http://www.nlp.mibel.cs.tsukuba.ac.jp/~inui/en,K4kblEwAAAAJ
Takashi Ishida 0002,Tokyo Institute of Technology,http://www.cb.cs.titech.ac.jp/en,kudXipEAAAAJ
Takashi Kobayashi 0001,Tokyo Institute of Technology,http://www.sa.cs.titech.ac.jp/en,QTY3pv0AAAAJ
Takashi Kohno,University of Tokyo,http://www.sat.t.u-tokyo.ac.jp/~kohno,0ls8AgsAAAAJ
Takashi Kurimoto,National Institute of Informatics,https://www.nii.ac.jp/en/faculty/architecture/kurimoto_takashi/,NOSCHOLARPAGE
Takatsune Kumada,Kyoto University,http://www.genome.ist.i.kyoto-u.ac.jp/index.en.html,NOSCHOLARPAGE
Takayasu Matsuo,University of Tokyo,http://www.sr3.t.u-tokyo.ac.jp/~matsuo/eprof.html,NOSCHOLARPAGE
Takayuki Kanda,Kyoto University,http://www.robot.soc.i.kyoto-u.ac.jp/~kanda,BL9EACgAAAAJ
Takayuki Mizuno,National Institute of Informatics,http://research.nii.ac.jp/~mizuno/en/index.html,RPEVIW0AAAAJ
Takeaki Uno,National Institute of Informatics,https://www.nii.ac.jp/en/faculty/informatics/uno_takeaki/,NOSCHOLARPAGE
Takehito Utsuro,University of Tsukuba,http://nlp.iit.tsukuba.ac.jp/member/utsuro/home.html,NOSCHOLARPAGE
Takenobu Tokunaga,Tokyo Institute of Technology,https://www.cl.c.titech.ac.jp/en/start,NOSCHOLARPAGE
Takeo Igarashi,University of Tokyo,http://www-ui.is.s.u-tokyo.ac.jp/~takeo,2LJJtI8AAAAJ
Takeo Kanade,Carnegie Mellon University,http://www.ri.cmu.edu/people/kanade_takeo.html,LQ87h3sAAAAJ
Takeshi Kurata,University of Tsukuba,https://staff.aist.go.jp/t.kurata/indexj.html,B_UBk6wAAAAJ
Takeshi Naemura,University of Tokyo,http://www.hc.t.u-tokyo.ac.jp/~naemura,NOSCHOLARPAGE
Takeshi Yamada,University of Tsukuba,http://www.mmlab.cs.tsukuba.ac.jp/~takeshi/english,nHCB2CkAAAAJ
Takeyuki Tamura,Kyoto University,http://sunflower.kuicr.kyoto-u.ac.jp/~tamura/index.html.en,OfCjNzEAAAAJ
Taku Hachisu,University of Tsukuba,http://hachisu.net/en/profile,mldMyOsAAAAJ
Taku Komura,University of Edinburgh,http://homepages.inf.ed.ac.uk/tkomura,TApLOhkAAAAJ
Takuo Watanabe,Tokyo Institute of Technology,http://www.psg.cs.titech.ac.jp,aFt5gpMAAAAJ
Takuya Maekawa,Osaka University,https://www.ist.osaka-u.ac.jp/english/introduction/professors/multimedia-engineering/multimedia-data-engineering/takuya-maekawa.html,CxP8QCwAAAAJ
Tal August,Univ. of Illinois at Urbana-Champaign,https://talaugust.github.io/,DkOW1PwAAAAJ
Tal Linzen,New York University,https://tallinzen.net,5mJDXjoAAAAJ
Tal Malkin,Columbia University,http://www.cs.columbia.edu/~tal,c0yPSEYAAAAJ
Tal Mor,Technion,http://www.cs.technion.ac.il/~talmo,q968fPcAAAAJ
Tal Rabin,University of Pennsylvania,https://en.wikipedia.org/wiki/Tal_Rabin,18exh0MAAAAJ
Talal Halabi,Université Laval,https://sites.google.com/view/talalhalabi/?pli=1,3KJuq4IAAAAJ
Talal Rahwan,NYU Abu Dhabi,https://www.trahwan.com,eoBU6GwAAAAJ
Tali Kaufman,Bar-Ilan University,http://cs.biu.ac.il/en/node/650,NOSCHOLARPAGE
Talia Ringer,Univ. of Illinois at Urbana-Champaign,https://dependenttyp.es,JCJzlXsAAAAJ
Tam N. Vu,University of Oxford,https://www.cs.ox.ac.uk/people/tam.vu,ptStzsoAAAAJ
Tam Vu,University of Oxford,https://www.cs.ox.ac.uk/people/tam.vu,ptStzsoAAAAJ
Tam Vu 0001,University of Oxford,https://www.cs.ox.ac.uk/people/tam.vu,ptStzsoAAAAJ
Tamal K. Dey,Purdue University,https://www.cs.purdue.edu/homes/tamaldey,k7VhUnAAAAAJ
Tamal Krishna Dey,Purdue University,https://www.cs.purdue.edu/homes/tamaldey,k7VhUnAAAAAJ
Tamar Flash,Weizmann Institute of Science,https://www.weizmann.ac.il/pages/search/people?language=english&single=1&person_id=1389,-p2WHtgAAAAJ
Tamar Shinar,Univ. of California - Riverside,http://www.cs.ucr.edu/~shinar,KibUW1sAAAAJ
Tamara Broderick,Massachusetts Institute of Technology,http://www.tamarabroderick.com,dPX0wQcAAAAJ
Tamara Carla Bidone,University of Utah,https://www.sci.utah.edu/people/tamarabidone.html,xdW1xscAAAAJ
Tamara Denning,University of Utah,https://www.cs.utah.edu/~tdenning,nSMS5H4AAAAJ
Tamara Lorenz,University of Cincinnati,https://www.artsci.uc.edu/departments/psychology/fac_staff.html?eid=lorenztr,NOSCHOLARPAGE
Tamara Munzner,University of British Columbia,https://www.cs.ubc.ca/~tmm,c2Att08AAAAJ
Tamara R. Sumner,University of Colorado Boulder,http://spot.colorado.edu/~sumner,NScglmAAAAAJ
Tamara Silbergleit Lehman,University of Colorado Boulder,https://experts.colorado.edu/display/fisid_165649,jCEU45cAAAAJ
Tamara Sumner,University of Colorado Boulder,http://spot.colorado.edu/~sumner,NScglmAAAAAJ
Tamas Hausel,IST Austria,https://ist.ac.at/research/research-groups/hausel-group,o2Bj63wAAAAJ
Tamer A. ElBatt,American University in Cairo,https://www.aucegypt.edu/fac/tamerel-batt,5w0QmjUAAAAJ
Tamer AbuHmed,Sungkyunkwan University,https://infolab.skku.edu/,pLC4l6YAAAAJ
Tamer Abuhmed,Sungkyunkwan University,https://infolab.skku.edu/,pLC4l6YAAAAJ
Tamer Elsayed,Qatar University,http://www.qu.edu.qa/engineering/computer/faculty/TamerElsayed.php,ekS-yPIAAAAJ
Tamer Kahveci,University of Florida,http://www.cise.ufl.edu/~tamer,xG9XC2MAAAAJ
Tamer Nadeem,Virginia Commonwealth University,https://egr.vcu.edu/directory/tamer.nadeem,0ltdcO4AAAAJ
Tamim Asfour,Karlsruhe Institute of Technology,http://h2t.anthropomatik.kit.edu,65bIT4oAAAAJ
Tamir Hazan,Technion,https://ie.technion.ac.il/~tamir.hazan/tamir.html,fqi186AAAAAJ
Tamjidul Hoque,University of New Orleans,http://new.uno.edu/profile/faculty/tamjidul_hoque,8tQmDZQAAAAJ
Tamma Bheemarjuna Reddy,IIT Hyderabad,http://www.iith.ac.in/~tbr,FYHCD2kAAAAJ
Tamás Budavári,Johns Hopkins University,https://engineering.jhu.edu/ams/faculty/tamas-budavari/,VoyeryMAAAAJ
Tamás Vinkó,University of Szeged,http://www.inf.u-szeged.hu/~tvinko,XZFOFSwAAAAJ
Tanaya Guha,University of Warwick,https://warwick.ac.uk/fac/sci/dcs/people/tanaya_guha,GljtiSUAAAAJ
Tandy J. Warnow,Univ. of Illinois at Urbana-Champaign,https://tandy.cs.illinois.edu,pPB_WK0AAAAJ
Tangming Yuan,University of York,https://www-users.cs.york.ac.uk/~tommy,1fzy4fsAAAAJ
Tanima Dutta,IIT (BHU) Varanasi,http://www.iitbhu.ac.in/cse/index.php/people/faculty.html,ofERjawAAAAJ
Tanir Ozcelebi,TU Eindhoven,http://www.win.tue.nl/~tozceleb,3ryI7iEAAAAJ
Tanir Özçelebi,TU Eindhoven,http://www.win.tue.nl/~tozceleb,3ryI7iEAAAAJ
Tanja Mitrovic,University of Canterbury,http://www.cosc.canterbury.ac.nz/tanja.mitrovic,qIf7b10AAAAJ
Tanja Schultz,University of Bremen,https://www.uni-bremen.de/csl/team/mitarbeiter/prof-dr-ing-tanja-schultz,CupDmmcAAAAJ
Tankurt Acarman,Galatasaray University,https://avesis.gsu.edu.tr/tacarman,NOSCHOLARPAGE
Tanmay Bhowmik,Mississippi State University,http://web.cse.msstate.edu/~tbhowmik/index.htm,pat4_roAAAAJ
Tanmay T. Verlekar,BITS Pilani-Goa,https://www.bits-pilani.ac.in/goa/tanmayv/profile,CFkxQ6cAAAAJ
Tanmay Tulsidas Verlekar,BITS Pilani-Goa,https://www.bits-pilani.ac.in/goa/tanmayv/profile,CFkxQ6cAAAAJ
Tanmoy Chakraborty 0002,IIT Delhi,https://tanmoychak.com,C5S9JnIAAAAJ
Tanu Malik,DePaul University,http://www.cdm.depaul.edu/Faculty-and-Staff/Pages/faculty-info.aspx?fid=1328,ZvYwdsUAAAAJ
Tanushree Mitra,University of Washington,http://faculty.washington.edu/tmitra,pgKClXQAAAAJ
Tanya Plotkin,Bar-Ilan University,http://cs.biu.ac.il/en/node/648,NOSCHOLARPAGE
Tanya Y. Berger-Wolf,Ohio State University,https://cse.osu.edu/people/berger-wolf.1,Hq28JM0AAAAJ
Tanzeem Choudhury [Tech],Cornell University,http://www.cs.cornell.edu/~tanzeem,NOSCHOLARPAGE
Tanzima Hashem,BUET,https://sites.google.com/site/tanzimahashem,0wGw0ocAAAAJ
Tanzima Z. Islam,Texas State University,https://www.tanzimaislam.com,q56uneAAAAAJ
Tanzima Zerin Islam,Texas State University,https://www.tanzimaislam.com,q56uneAAAAAJ
Tao A. Xiang,University of Surrey,http://www.eecs.qmul.ac.uk/~txiang,MeS5d4gAAAAJ
Tao Chen 0001,Loughborough University,https://www.lboro.ac.uk/departments/compsci/staff/academic-teaching/tao-chen,K4teyvoAAAAJ
Tao Gu,Macquarie University,https://taogu.site,YfeWvwYAAAAJ
Tao Guan,HUST,http://faculty.hust.edu.cn/guantao1/en/index.htm,gVNLbIQAAAAJ
Tao Gui,Fudan University,https://guitaowufeng.github.io/,BrOLQdwAAAAJ
Tao Hou,University of North Texas,https://tao-hou.com/,cKkxsIsAAAAJ
Tao Huang 0005,BUPT,https://sklnst.bupt.edu.cn/content/content.php?p=4_44_125,RWqQ6sMAAAAJ
Tao Jiang 0001,Univ. of California - Riverside,http://www.cs.ucr.edu/~jiang,XUhsCZwAAAAJ
Tao Jin 0001,Tsinghua University,http://www.thss.tsinghua.edu.cn/publish/soften/3131/2016/20160223084251549706366/20160223084251549706366_.html,oX_I1ogAAAAJ
Tao Ju,Washington University in St. Louis,http://www.cs.wustl.edu/~taoju,80AO9mkAAAAJ
Tao Lin 0004,Westlake University,https://www.westlake.edu.cn/about/faculty/CONTACT_Members/202206/t20220620_20992.shtml,QE9pa_cAAAAJ
Tao Liu 0001,Renmin University of China,http://info.ruc.edu.cn/academic_professor.php?teacher_id=46,CU5OeFIAAAAJ
Tao Shu,Auburn University,https://www.eng.auburn.edu/directory/tzs0058,WZyghX0AAAAJ
Tao Wang 0004,Peking University,http://ceca.pku.edu.cn/wangtao,g_EWCQkAAAAJ
Tao Wang 0012,Simon Fraser University,https://www.sfu.ca/computing/people/faculty/tao-wang.html,6r3AEG8AAAAJ
Tao Wang 0026,University of North Texas,https://tao-wang.com,L29tef0AAAAJ
Tao Xiang 0002,University of Surrey,http://www.eecs.qmul.ac.uk/~txiang,MeS5d4gAAAAJ
Tao Xie 0001,Peking University,https://taoxiease.github.io,DhhH9J4AAAAJ
Tao Yang 0009,Univ. of California - Santa Barbara,http://www.cs.ucsb.edu/~tyang,NOSCHOLARPAGE
Tao Zhou 0001,UESTC,http://www.bigdata-research.org/people/faculty/4.html,MXgWgmEAAAAJ
Taolue Chen,Birkbeck University of London,https://www.dcs.bbk.ac.uk/about/people/academic-staff/taolue-chen,Qv_-WU4AAAAJ
Tapan K. Saha,University of Queensland,http://researchers.uq.edu.au/researcher/83,v6njRnAAAAAJ
Tapan Kumar Saha,University of Queensland,http://researchers.uq.edu.au/researcher/83,v6njRnAAAAAJ
Tapio Elomaa,Tampere University,https://www.tuni.fi/en/tapio-elomaa,v_krQFEAAAAJ
Tapio Lokki,Aalto University,https://users.aalto.fi/~ktlokki,vz4vC1cAAAAJ
Tapomayukh Bhattacharjee,Cornell University,http://www.tapomayukh.com,X1zsXTgAAAAJ
Tara Capel,University of Edinburgh,http://www.inf.ed.ac.uk/people/staff/Tara_Capel.html,qxDHolMAAAAJ
Tara Javidi,Univ. of California - San Diego,https://tjavidi.eng.ucsd.edu,G5Sg9DEAAAAJ
Tarek ElFouly,Qatar University,http://www.qu.edu.qa/engineering/computer/faculty/tarek.php,fItzV6EAAAAJ
Tarek Elfouly,Qatar University,http://www.qu.edu.qa/engineering/computer/faculty/tarek.php,fItzV6EAAAAJ
Tarek F. Abdelzaher,Univ. of Illinois at Urbana-Champaign,http://web.engr.illinois.edu/~zaher,cA28Zs0AAAAJ
Tarek M. El-Fouly,Qatar University,http://www.qu.edu.qa/engineering/computer/faculty/tarek.php,fItzV6EAAAAJ
Tarek M. Elfouly,Qatar University,http://www.qu.edu.qa/engineering/computer/faculty/tarek.php,fItzV6EAAAAJ
Tarek Mohamed El-Fouly,Qatar University,http://www.qu.edu.qa/engineering/computer/faculty/tarek.php,fItzV6EAAAAJ
Tarek S. Abdelrahman,University of Toronto,http://www.eecg.toronto.edu/~tsa,Tp5qZjsAAAAJ
Tariq Andersen,University of Copenhagen,http://www.di.ku.dk/english/staff/?pure=en/persons/353044,FMtPAZ0AAAAJ
Tariq Ehsan Elahi,University of Edinburgh,http://www.inf.ed.ac.uk/people/staff/Tariq_Elahi.html,Q53Pqs0AAAAJ
Tariq Elahi,University of Edinburgh,http://www.inf.ed.ac.uk/people/staff/Tariq_Elahi.html,Q53Pqs0AAAAJ
Tariq O. Andersen,University of Copenhagen,http://www.di.ku.dk/english/staff/?pure=en/persons/353044,FMtPAZ0AAAAJ
Tariq Osman Andersen,University of Copenhagen,http://www.di.ku.dk/english/staff/?pure=en/persons/353044,FMtPAZ0AAAAJ
Tarlochan S. Sidhu,Ontario Tech University,https://engineering.ontariotechu.ca/people/ecse/index.php,PZ1YMWUAAAAJ
Taro Maeda,Osaka University,https://www.ist.osaka-u.ac.jp/english/introduction/professors/bioinformatic-engineering/human-information-engineering/taro-maeda.html,NOSCHOLARPAGE
Taro Sekiyama,National Institute of Informatics,https://www.nii.ac.jp/en/faculty/architecture/sekiyama_taro/,zkiGvKQAAAAJ
Taro Watanabe,NAIST,https://sites.google.com/site/tarowtnb/,zsEEy7kAAAAJ
Taskin Padir,Northeastern University,https://www.khoury.northeastern.edu/people/taskin-padir,7QCFyaYAAAAJ
Tasmina Islam,King's College London,https://www.kcl.ac.uk/people/tasmina-islam,NOSCHOLARPAGE
Tasos Kyrillidis,Rice University,http://akyrillidis.github.io,TEGzkZMAAAAJ
Tat Wing Chim,University of Hong Kong,https://i.cs.hku.hk/~twchim,NOSCHOLARPAGE
Tat Yung Kong,CUNY,http://www.gc.cuny.edu/Page-Elements/Academics-Research-Centers-Initiatives/Doctoral-Programs/Computer-Science/Faculty-Bios/T-Yung-Kong,Hbb5UBgAAAAJ
Tat-Jen Cham,Nanyang Technological University,https://www3.ntu.edu.sg/home/astjcham,Lx3X7W0AAAAJ
Tat-Jun Chin,University of Adelaide,http://cs.adelaide.edu.au/~tjchin,WyqGF10AAAAJ
Tat-Seng Chua,National University of Singapore,http://www.comp.nus.edu.sg/~chuats,Z9DWCBEAAAAJ
Tatiana Landesberger von Antburg,University of Cologne,https://visva.cs.uni-koeln.de/,63UiPj0AAAAJ
Tatjana Chavdarova,CISPA Helmholtz Center,https://chavdarova.github.io/,76HdZDQAAAAJ
Tatjana Petrov,University of Konstanz,http://www.tatjanapetrov.info,wTjUgd8AAAAJ
Tatsunori B. Hashimoto,Stanford University,https://thashim.github.io,5ygiTwsAAAAJ
Tatsunori Benjamin Hashimoto,Stanford University,https://thashim.github.io,5ygiTwsAAAAJ
Tatsunori Hashimoto,Stanford University,https://thashim.github.io,5ygiTwsAAAAJ
Tatsuo Nakajima,Waseda University,https://waseda.pure.elsevier.com/en/persons/tatsuo-nakajima,hVxdgeYAAAAJ
Tatsuya Akutsu,Kyoto University,http://www.bic.kyoto-u.ac.jp/takutsu/members/takutsu,IwippccAAAAJ
Tatsuya Harada,University of Tokyo,http://www.mi.t.u-tokyo.ac.jp/harada,k8rlJ8AAAAAJ
Tatsuya Kawahara,Kyoto University,http://sap.ist.i.kyoto-u.ac.jp/members/kawahara,o3AmlFYAAAAJ
Tauhidur Rahman,Univ. of California - San Diego,https://www.tauhidurrahman.com,mc9BzYwAAAAJ
Tawanna Dillahunt,University of Michigan,http://www.tawannadillahunt.com,qPpuKe4AAAAJ
Tawanna R. Dillahunt,University of Michigan,http://www.tawannadillahunt.com,qPpuKe4AAAAJ
Taylan Cemgil,Boğaziçi University,https://www.cmpe.boun.edu.tr/~cemgil,X3ZFZ7AAAAAJ
Taylor Berg-Kirkpatrick,Univ. of California - San Diego,http://cseweb.ucsd.edu/~tberg,mN6_BKAAAAAJ
Taylor Johnson,Vanderbilt University,http://www.TaylorTJohnson.com,MdTkXNYAAAAJ
Taylor T. Johnson,Vanderbilt University,http://www.TaylorTJohnson.com,MdTkXNYAAAAJ
Te Taka Keegan,University of Waikato,http://www.cms.waikato.ac.nz/people/tetaka,qo3DLSkAAAAJ
Te-Yen Wu,Florida State University,http://teyenwu.com,TMrlaiUAAAAJ
Teck Khim Ng,National University of Singapore,https://www.comp.nus.edu.sg/~ngtk,NOSCHOLARPAGE
Ted Brekken,Oregon State University,http://eecs.oregonstate.edu/people/brekken-ted,NOSCHOLARPAGE
Ted Briscoe,MBZUAI,https://mbzuai.ac.ae/study/faculty/ted-briscoe,qNP6lAwAAAAJ
Ted Herman,University of Iowa,http://homepage.cs.uiowa.edu/~herman,89vejUwAAAAJ
Ted Huffmire,Naval Postgraduate School,http://faculty.nps.edu/tdhuffmi,HiqW7EoAAAAJ
Ted Taekyoung Kwon,Seoul National University,http://mmlab.snu.ac.kr/~tk,ruxWSFsAAAAJ
Ted Taekyoung Kwon,Seoul National University,http://mmlab.snu.ac.kr/~tk,ruxWSFsAAAAJ
Teemu Roos,University of Helsinki,https://www.cs.helsinki.fi/u/ttonteri,js9H6osAAAAJ
Tegan Brennan,Stevens Institute of Technology,https://web.stevens.edu/facultyprofile/?id=2427,8eatomMAAAAJ
Teh Ying Wah,University of Malaya,https://umexpert.um.edu.my/tehyw,2igo-mwAAAAJ
Tei-Wei Kuo,National Taiwan University,https://www.csie.ntu.edu.tw/~ktw,gBuHlIQAAAAJ
Tej Chajed,University of Wisconsin - Madison,https://www.chajed.io,el9e4FUAAAAJ
Tejas Gokhale,Univ. of Maryland - Baltimore County,https://www.tejasgokhale.com/,_ILTlEwAAAAJ
Tejasvi Anand,Oregon State University,http://eecs.oregonstate.edu/people/anand-tejasvi,CKVSMxcAAAAJ
Tek-Jin Nam,KAIST,http://cidr.kaist.ac.kr/members,C6Geq6AAAAAJ
Telikepalli Kavitha,Tata Inst. of Fundamental Research,http://www.tcs.tifr.res.in/~kavitha,NOSCHOLARPAGE
Temiloluwa Prioleau,Dartmouth College,https://www.t-prioleau.com/,D0YdmxwAAAAJ
Temuulen Sankey,Northern Arizona University,https://nau.edu/cefns/natsci/seses/faculty/teki-sankey,3zszVGYAAAAJ
Ten-Hwang Lai,Ohio State University,http://web.cse.ohio-state.edu/~lai,NOSCHOLARPAGE
Teng Han,Chinese Academy of Sciences,http://teng-han.com,kHKwQ9gAAAAJ
Tengfei Ma 0001,Stony Brook University,https://sites.google.com/site/matf0123,9OvNakkAAAAJ
Tengjiao Wang 0003,Peking University,http://eecs.pku.edu.cn/EN/People/Faculty/Detail/?ID=6003,NOSCHOLARPAGE
Tengyu Ma 0001,Stanford University,http://ai.stanford.edu/~tengyuma,i38QlUwAAAAJ
Teofilo F. Gonzalez,Univ. of California - Santa Barbara,http://www.cs.ucsb.edu/~teo,bCTAqq4AAAAJ
Teofilo de Campos,Universidade de Brasília,http://cic.unb.br/~teodecampos,dMZCMp0AAAAJ
Terence Sim,National University of Singapore,https://www.comp.nus.edu.sg/~tsim,AdEsZwsAAAAJ
Terence Soule,University of Idaho,http://www.uidaho.edu/engr/departments/cs/our-people/faculty/terry-soule,6W8ZAs4AAAAJ
Teresa A. Dahlberg,Syracuse University,https://chancellor.syr.edu/university-leadership-2/chancellors-council/teresa-dahlberg,NOSCHOLARPAGE
Teresa Bernarda Ludermir,UFPE,http://www.cin.ufpe.br/~tbl,w-tKJOwAAAAJ
Teresa Chambel,Universidade de Lisboa,https://ciencias.ulisboa.pt/perfil/mtchambel,Gvmh4NQAAAAJ
Teresa K. Attwood,University of Manchester,https://www.research.manchester.ac.uk/portal/teresa.k.attwood.html,KxmNAYIAAAAJ
Teresa Maria Sa Ferreira Vazão Vasques,Universidade de Lisboa,https://fenix.tecnico.ulisboa.pt/homepage/ist12922,NOSCHOLARPAGE
Teresa Maria Vazão,Universidade de Lisboa,https://fenix.tecnico.ulisboa.pt/homepage/ist12922,NOSCHOLARPAGE
Teresa Mendes de Almeida,Universidade de Lisboa,https://sotis.tecnico.ulisboa.pt/researcher/ist13143,TWs2MCUAAAAJ
Teresa Romão,Universidade NOVA de Lisboa,http://www-ctp.di.fct.unl.pt/~tir,lMXOPKQAAAAJ
Teresita Limoanco,De La Salle University,https://www.dlsu.edu.ph/colleges/ccs/faculty-profile/single/?id=32742696123&command=GETPROFILE,HzJ_T8QAAAAJ
Tereza Klimosová,Ecole Normale Superieure de Lyon,http://iuuk.mff.cuni.cz/~tereza,NOSCHOLARPAGE
Terng-Yin Hsu,National Chiao Tung University,https://www.cs.nctu.edu.tw/members/detail/tyhsu,NOSCHOLARPAGE
Terrance E. Boult,UCCS,http://www.cs.uccs.edu/~tboult,fF1B7mAAAAAJ
Terrence J. Sejnowski,Univ. of California - San Diego,http://biology.ucsd.edu/research/faculty/tsejnowski,m1qAiOUAAAAJ
Terrence S. T. Mak,University of Southampton,https://www.ecs.soton.ac.uk/people/tsm3g15,TdSU6G8AAAAJ
Terri K. Attwood,University of Manchester,https://www.research.manchester.ac.uk/portal/teresa.k.attwood.html,KxmNAYIAAAAJ
Terry Fancott,Concordia University,https://www.concordia.ca/faculty/terry-fancott.html,NOSCHOLARPAGE
Terry Harvey,University of Delaware,https://www.eecis.udel.edu/~harvey,NOSCHOLARPAGE
Terry R. Payne,University of Liverpool,https://www.liverpool.ac.uk/computer-science/staff/terry-payne,MrkZ_v0AAAAJ
Terry Ryan,Claremont Graduate University,https://www.cgu.edu/people/terry-ryan,_pC9kysAAAAJ
Terry Soule,University of Idaho,http://www.uidaho.edu/engr/departments/cs/our-people/faculty/terry-soule,6W8ZAs4AAAAJ
Teruhito Kanazawa,National Institute of Informatics,https://www.nii.ac.jp/en/faculty/digital_content/kanazawa_teruhito/,NOSCHOLARPAGE
Teruki Honma,Tokyo Institute of Technology,http://www.clst.riken.jp/en/science/labs/ssb/biof/sbmd,NOSCHOLARPAGE
Tesca Fitzgerald,Yale University,https://cpsc.yale.edu/people/tesca-fitzgerald,UTmj6K4AAAAJ
Teseo Schneider,University of Victoria,http://web.uvic.ca/~teseo,DC4stPEAAAAJ
Tess Tanenbaum,Univ. of California - Irvine,http://tess.thegeekmovement.com,hiCKhpkAAAAJ
Tessa Berg,Heriot-Watt University,https://www.hw.ac.uk/staff/uk/macs/tessa-berg.htm,IYZRM98AAAAJ
Tessa Verhoef,Leiden University,https://sites.google.com/view/tessa-verhoef/home,PyQX978AAAAJ
Tet Hin Yeap,University of Ottawa,https://engineering.uottawa.ca/eecs/people/yeap-tet,NOSCHOLARPAGE
Tetsunari Inamura,National Institute of Informatics,http://www.iir.nii.ac.jp/lab/index-e/,PjIlL0kAAAAJ
Tetsuo Shibuya,University of Tokyo,https://www.hgc.jp/~tshibuya,NOSCHOLARPAGE
Tetsuya Sakai,Waseda University,http://sakailab.com/tetsuya,vi56gz4AAAAJ
Tetsuya Sakurai,University of Tsukuba,http://www.cs.tsukuba.ac.jp/~sakurai/index.html,9gqMviwAAAAJ
Tevfik Bultan,Univ. of California - Santa Barbara,http://www.cs.ucsb.edu/~bultan,eq4egiwAAAAJ
Tevfik Kosar,University at Buffalo,http://www.cse.buffalo.edu/faculty/tkosar,fUBhhRAAAAAJ
Tevfik Metin Sezgin,Koç University,http://portal.ku.edu.tr/~mtsezgin,54PfvHMAAAAJ
Teófilo E. de Campos,Universidade de Brasília,http://cic.unb.br/~teodecampos,dMZCMp0AAAAJ
Teófilo Emídio de Campos,Universidade de Brasília,http://cic.unb.br/~teodecampos,dMZCMp0AAAAJ
Thad E. Starner,Georgia Institute of Technology,http://www.cc.gatech.edu/home/thad,qr8Vo9IAAAAJ
Thad Starner,Georgia Institute of Technology,http://www.cc.gatech.edu/home/thad,qr8Vo9IAAAAJ
Thai Son Hoang,University of Southampton,https://www.ecs.soton.ac.uk/people/tsh2n14,mDYOIacAAAAJ
Thair M. Hamtini,University of Jordan,http://online-journals.org/index.php/i-jet/search/authors/view?firstName=Thair&middleName=M.&lastName=Hamtini&affiliation=The%20University%20of%20Jordan&country=JO,_lnxDq8AAAAJ
Thaleia Dimitra Doudali,IMDEA Software Institute,https://thaleia-dimitradoudali.github.io,JVJSy4wAAAAJ
Thamar Solorio,MBZUAI,https://mbzuai.ac.ae/study/faculty/thamar-solorio,Gmjwy-IAAAAJ
Thambipillai Srikanthan,Nanyang Technological University,https://dr.ntu.edu.sg/cris/rp/rp00841,NOSCHOLARPAGE
Thanapong Suwanasri,KMUTNB,https://tggs.kmutnb.ac.th/assoc-prof-dr-ing-thanapong-suwanasri,QoeZIvIAAAAJ
Thanassis Tiropanis,University of Southampton,https://www.ecs.soton.ac.uk/people/at1o07,T0MK3pUAAAAJ
Thang Duc Bui,Australian National University,https://comp.anu.edu.au/people/thang-bui,SVq3y1sAAAAJ
Thang Hoang,Virginia Tech,https://website.cs.vt.edu/people/faculty/thang-hoang.html,VCjqqogAAAAJ
Thang N. Dinh,Virginia Commonwealth University,http://www.people.vcu.edu/~tndinh,M5W9tuUAAAAJ
Thanh Hong Nguyen,University of Oregon,https://ix.cs.uoregon.edu/~thanhhng,6fpZnQIAAAAJ
Thanh Tam Nguyen,Griffith University,https://experts.griffith.edu.au/33388-thanh-tam-nguyen,NeJMcjYAAAAJ
Thanh Thieu,Oklahoma State University,https://computerscience.okstate.edu/faculty-bios/thanh-thieu,NOSCHOLARPAGE
Thanh-Toan Do,University of Liverpool,https://www.liverpool.ac.uk/computer-science/staff/thanh-toan-do,nihSW_QAAAAJ
ThanhVu H. Nguyen,George Mason University,https://nguyenthanhvuh.github.io,TLcVQ-MAAAAJ
ThanhVu Nguyen,George Mason University,https://nguyenthanhvuh.github.io,TLcVQ-MAAAAJ
Thatchaphol Saranurak,University of Michigan,https://sites.google.com/site/thsaranurak,y2A2tQgAAAAJ
Theerawit Wilaiprasitporn,VISTEC,https://www.researchgate.net/profile/Theerawit_Wilaiprasitporn,U-L-iGIAAAAJ
Thein Than Tun,Open University UK,http://stem.open.ac.uk/people/ttt23-0,Sg6iTHsAAAAJ
Themis Panayiotopoulos,University of Piraeus,https://www.unipi.gr/unipi/en/themisp.html,NOSCHOLARPAGE
Thenkurussi Kesavadas,Univ. of Illinois at Urbana-Champaign,http://ise.illinois.edu/directory/profile/kesh,gOOXpw0AAAAJ
Theo Damoulas,University of Warwick,https://warwick.ac.uk/fac/sci/dcs/people/theo_damoulas,sRg-VkwAAAAJ
Theo Gevers,University of Amsterdam,https://staff.fnwi.uva.nl/th.gevers,yqsvxQgAAAAJ
Theo P. van der Weide,Radboud University,http://www.cs.ru.nl/~tvdw/index.php,Gji06GEAAAAJ
Theo Tryfonas,University of Bristol,http://www.bris.ac.uk/engineering/people/theo-tryfonas/index.html,NOSCHOLARPAGE
Theo Ungerer,University of Augsburg,https://www.uni-augsburg.de/de/fakultaet/fai/informatik/prof/embsys/team/prof-dr-theo-ungerer,NOSCHOLARPAGE
Theodora A. Varvarigou,NTUA,https://www.ece.ntua.gr/en/staff/60,kueSeb4AAAAJ
Theodora Chaspari,University of Colorado Boulder,https://www.colorado.edu/cs/theodora-chaspari,po1Qa-MAAAAJ
Theodora Koulouri,Brunel University London,https://www.brunel.ac.uk/people/theodora-koulouri2,lOELX4UAAAAJ
Theodore Brown,CUNY,https://www.gc.cuny.edu/Page-Elements/Academics-Research-Centers-Initiatives/Doctoral-Programs/Computer-Science/Faculty-Bios/Theodore-Brown,76febtwAAAAJ
Theodore K. Apostolopoulos,AUEB,http://ieeexplore.ieee.org/document/4114886,WTg8mXoAAAAJ
Theodore Kalamboukis,AUEB,https://uregister-ldap.aueb.gr/en/faculty/kalamboukis-theodore,NOSCHOLARPAGE
Theodore Kim,Yale University,https://cpsc.yale.edu/people/theodore-kim,lZnLhCcAAAAJ
Theodore P. Pavlic,Arizona State University,https://search.asu.edu/profile/1995237,UAmGg-cAAAAJ
Theodore Raphan,CUNY,http://www.sci.brooklyn.cuny.edu/~raphan,oUle-6cAAAAJ
Theodore S. Norvell,Memorial University of Newfoundland,https://www.mun.ca/engineering/about/people/theodoresnorvell.php,OueQTQ4AAAAJ
Theodore S. Rappaport,New York University,http://wireless.engineering.nyu.edu/tedrappaport,aLOSzWwAAAAJ
Theodore Ted S. Rappaport,New York University,http://wireless.engineering.nyu.edu/tedrappaport,aLOSzWwAAAAJ
Theodore Tryfonas,University of Bristol,http://www.bris.ac.uk/engineering/people/theo-tryfonas/index.html,NOSCHOLARPAGE
Theodoros Damoulas,University of Warwick,https://warwick.ac.uk/fac/sci/dcs/people/theo_damoulas,sRg-VkwAAAAJ
Theodoros Papatheodorou,Goldsmiths University of London,https://www.gold.ac.uk/computing/people/papatheodorou-theodoros,NOSCHOLARPAGE
Theoharis Theoharis,University of Athens,http://www.di.uoa.gr/eng/staff/1000,DajYvPUAAAAJ
Theophilus A. Benson,Brown University,https://users.cs.duke.edu/~tbenson,55B-xqUAAAAJ
Theophilus Benson,Brown University,https://users.cs.duke.edu/~tbenson,55B-xqUAAAAJ
Theresa Jean Tanenbaum,Univ. of California - Irvine,http://tess.thegeekmovement.com,hiCKhpkAAAAJ
Theresa Rienmüller,Graz University of Technology,https://www.tugraz.at/institute/hce/institut/team,GPPaSdoAAAAJ
Theresa Steinbach,DePaul University,http://www.cdm.depaul.edu/about/Pages/People/facultyinfo.aspx?fid=156,NOSCHOLARPAGE
Therese Biedl,University of Waterloo,https://cs.uwaterloo.ca/~biedl,gjNeD8cAAAAJ
Therese Graversen,IT University of Copenhagen,https://pure.itu.dk/portal/da/persons/therese-graversen(1578b20c-b5d0-466f-b114-2582529ddc53).html,Q5A51XMAAAAJ
Thiab R. Taha,University of Georgia,http://cobweb.cs.uga.edu/~thiab,K1c26H0AAAAJ
Thiago A. S. Pardo,USP-ICMC,http://conteudo.icmc.usp.br/pessoas/taspardo,J4kg7ZYAAAAJ
Thiago Alexandre Salgueiro Pardo,USP-ICMC,http://conteudo.icmc.usp.br/pessoas/taspardo,J4kg7ZYAAAAJ
Thiago F. Noronha,UFMG,http://homepages.dcc.ufmg.br/~tfn,9HUwdVkAAAAJ
Thiago Ferreira Noronha,UFMG,http://homepages.dcc.ufmg.br/~tfn,9HUwdVkAAAAJ
Thibault Langlois,Universidade de Lisboa,https://ciencias.ulisboa.pt/perfil/tnlanglois,1MHDJwkAAAAJ
Thibaut Vidal,PUC-RIO,http://www-di.inf.puc-rio.br/~vidalt/en/teaching-thibaut-vidal.html,qbO0xwUAAAAJ
Thiemo Voigt,Uppsala University,https://katalog.uu.se/empinfo/?id=N2-279,xSXvpjEAAAAJ
Thien Huu Nguyen,University of Oregon,http://ix.cs.uoregon.edu/~thien,Da2FhegAAAAJ
Thierry Coquand,Chalmers/GU,https://www.chalmers.se/en/staff/Pages/thierry-coquand.aspx,NOSCHOLARPAGE
Thierry Eude,Université Laval,http://www2.ift.ulaval.ca/~eude,PiQPl64AAAAJ
Thierry Fournel,Université Jean Monnet,https://laboratoirehubertcurien.univ-st-etienne.fr/en/teams/image-science-computer-vision/seminars/by-lab-researchers/seminar-by-thierry-fournel.html,NOSCHOLARPAGE
Thierry Gautier,Ecole Normale Superieure de Lyon,http://www.ens-lyon.fr/lecole/nous-connaitre/annuaire/thierry-gautier,ecU8PLEAAAAJ
Thierry Lépine,Université Jean Monnet,https://www.facebook.com/Universite.Jean.Monnet.Saint.Etienne/photos/a.270548162964178.88971.224373240915004/1063394287012891,NOSCHOLARPAGE
Thierry Massart,Université libre de Bruxelles,http://www.ulb.ac.be/di/verif/tmassart,ErCr960AAAAJ
Thierry Peynot,Queensland University of Technology,https://research.qut.edu.au/qcr/people/thierry-peynot,S47ydIgAAAAJ
Thinh Nguyen,Oregon State University,http://eecs.oregonstate.edu/people/nguyen-thinh,9flSED8AAAAJ
Thirimachos Bourlai,West Virginia University,https://www.statler.wvu.edu/faculty-staff/faculty/thirimachos-bourlai,vBn6I3sAAAAJ
Thivya Kandappu,Singapore Management University,https://scis.smu.edu.sg/faculty/profile/541/thivya-kandappu,M3gdduIAAAAJ
Thom W. Frühwirth,University of Ulm,http://www.informatik.uni-ulm.de/pm/fileadmin/pm/home/fruehwirth,5vyOl7IAAAAJ
Thomas A. DeFanti,University of Illinois at Chicago,https://www.cs.uic.edu/~tom,NOSCHOLARPAGE
Thomas A. Goldstein,University of Maryland - College Park,https://www.cs.umd.edu/~tomg,KmSuVtgAAAAJ
Thomas A. Henzinger,IST Austria,http://pub.ist.ac.at/~tah,jpgplxUAAAAJ
Thomas A. Horan,Claremont Graduate University,https://www.redlands.edu/study/schools-and-centers/business/staff/thomas-horan,2aFmaaAAAAAJ
Thomas A. Runkler,TU Munich,https://www7.in.tum.de/~runkler,9ulZrB8AAAAJ
Thomas Abeel,TU Delft,http://www.abeel.be,eCS5_oAAAAAJ
Thomas Andreas Meyer,University of Cape Town,https://people.cs.uct.ac.za/~tmeyer,Ua2MNSoAAAAJ
Thomas B. Schön,Uppsala University,http://user.it.uu.se/~thosc112/index.html,NOSCHOLARPAGE
Thomas Bauschert,TU Chemnitz,https://www.tu-chemnitz.de/etit/kn/kn.php,NOSCHOLARPAGE
Thomas Begin,Ecole Normale Superieure de Lyon,http://perso.ens-lyon.fr/thomas.begin,YJS1hw0AAAAJ
Thomas Berlage,RWTH Aachen University,https://dbis.rwth-aachen.de/dbis/index.php/user/berlage/,NOSCHOLARPAGE
Thomas Bewley,Univ. of California - San Diego,http://fccr.ucsd.edu/Bewley.html,NOSCHOLARPAGE
Thomas Bolander,DTU,https://www.compute.dtu.dk/english,NOSCHOLARPAGE
Thomas Brox,University of Freiburg,https://lmb.informatik.uni-freiburg.de/people/brox/index.en.html,0VAe-TQAAAAJ
Thomas Buchmann,University of Bayreuth,http://www.ai1.uni-bayreuth.de/en/team/Buchmann_Thomas/index.php,LU0mmcUAAAAJ
Thomas Burkhardt,University of Koblenz-Landau,https://www.uni-koblenz-landau.de/de/koblenz/fb4/ifm/agburkhardt/team/thomas-burkhardt/thomas-burkhardt,NOSCHOLARPAGE
Thomas Bäck,Leiden University,https://www.universiteitleiden.nl/en/staffmembers/thomas-back#tab-2,x7LEID0AAAAJ
Thomas C. Eskridge,Florida Institute of Technology,http://fit.academia.edu/ThomasCEskridge,ViQDZUkAAAAJ
Thomas C. Nicholas Graham,Queen’s University,http://www.cs.queensu.ca/~graham,urD_r2EAAAAJ
Thomas C. Shermer,Simon Fraser University,http://www.cs.sfu.ca/~shermer,NOSCHOLARPAGE
Thomas Chatain,Ecole Normale Superieure de Cachan,http://www.lsv.ens-cachan.fr/~chatain,NOSCHOLARPAGE
Thomas Courtade,Univ. of California - Berkeley,https://people.eecs.berkeley.edu/~courtade,xRmmtzIAAAAJ
Thomas D. LaToza,George Mason University,https://cs.gmu.edu/~tlatoza,200KNLAAAAAJ
Thomas D. Nielsen,Aalborg University,http://people.cs.aau.dk/~tdn,6fWF0CgAAAAJ
Thomas Dreier,Karlsruhe Institute of Technology,http://www.zar.kit.edu/591.php?ID=3,NOSCHOLARPAGE
Thomas Durieux,TU Delft,https://durieux.me/,CoUKVbUAAAAJ
Thomas Dyhre Nielsen,Aalborg University,http://people.cs.aau.dk/~tdn,6fWF0CgAAAAJ
Thomas E. Anderson,University of Washington,http://www.cs.washington.edu/people/faculty/tom,MYqlcPgAAAAJ
Thomas Eisenbarth 0001,University of Lübeck,https://www.its.uni-luebeck.de/mitarbeiterinnen/thomas-eisenbarth.html,N8DdWJwAAAAJ
Thomas Eiter,TU Wien,http://www.kr.tuwien.ac.at/staff/eiter,X1L03cIAAAAJ
Thomas Emrys Williams,Colorado School of Mines,http://inside.mines.edu/~twilliams,NOSCHOLARPAGE
Thomas Engel 0001,University of Luxembourg,http://wwwen.uni.lu/snt/people/thomas_engel,KeoQQEcAAAAJ
Thomas Ertl,University of Stuttgart,http://www.vis.uni-stuttgart.de/~ertl,qFQ9jHkAAAAJ
Thomas F. Fairgrieve,University of Toronto,http://www.cs.toronto.edu/~tff,NOSCHOLARPAGE
Thomas F. J.-M. Pasquier,University of British Columbia,https://tfjmp.org,TplQGj4AAAAJ
Thomas F. La Porta,Pennsylvania State University,http://www.cse.psu.edu/~tfl12,t-FPWNgAAAAJ
Thomas F. Melham,University of Oxford,http://www.cs.ox.ac.uk/tom.melham/home.html,AdBqkbIAAAAJ
Thomas F. Stahovich,Univ. of California - Riverside,https://smarttools.engr.ucr.edu,uRJtCOwAAAAJ
Thomas F. Wenisch,University of Michigan,https://web.eecs.umich.edu/~twenisch,MJ5G4xgAAAAJ
Thomas Fahringer,University of Innsbruck,http://dps.uibk.ac.at/~tf,ZXg8fYAAAAAJ
Thomas Franke,University of Lübeck,https://www.imis.uni-luebeck.de/de/institut/team/thomas-franke,zQZf-msAAAAJ
Thomas Friedetzky,Durham University,https://www.dur.ac.uk/computer.science/staff/profile/?id=1163,NOSCHOLARPAGE
Thomas Fritz 0001,University of Zurich,http://www.ifi.uzh.ch/seal/people/fritz.html,wofy5LkAAAAJ
Thomas G. Fevens,Concordia University,http://www.cs.concordia.ca/~fevens,NOSCHOLARPAGE
Thomas G. Moher,University of Illinois at Chicago,https://www.evl.uic.edu/moher/Tom_Moher/Home.html,NOSCHOLARPAGE
Thomas Gilray,University of Alabama - Birmingham,https://www.uab.edu/cas/computerscience/people/faculty-directory/thomas-gilray,0rjE8o4AAAAJ
Thomas Girke,Univ. of California - Riverside,http://girke.bioinformatics.ucr.edu,QjoDLv4AAAAJ
Thomas Goldstein,University of Maryland - College Park,https://www.cs.umd.edu/~tomg,KmSuVtgAAAAJ
Thomas Grechenig,TU Wien,https://www.big.tuwien.ac.at/people/tgrechenig,NOSCHOLARPAGE
Thomas Gärtner 0001,TU Wien,https://informatics.tuwien.ac.at/people/thomas-gaertner,sOI8QyoAAAAJ
Thomas Hain,University of Sheffield,https://www.sheffield.ac.uk/dcs/people/academic/thomas-hain,x03kgyEAAAAJ
Thomas Haines,Australian National University,https://comp.anu.edu.au/people/thomas-haines/,bbt2PloAAAAJ
Thomas Hartvigsen,University of Virginia,https://www.tomhartvigsen.com/,rIjeeRsAAAAJ
Thomas Heinis,Imperial College London,http://wp.doc.ic.ac.uk/theinis,yJ998VYAAAAJ
Thomas Hofmann,ETH Zurich,http://www.da.inf.ethz.ch/people/ThomasHofmann,T3hAyLkAAAAJ
Thomas Huckle,TU Munich,http://www5.in.tum.de/wiki/index.php/Univ.-Prof._Dr._Thomas_Huckle,dFz7v40AAAAJ
Thomas Hupperich,University of Münster,https://www.wi.uni-muenster.de/de/institut/it-security/personen/thomas-hupperich,p5c2P1MAAAAJ
Thomas Höllt,TU Delft,http://graphics.tudelft.nl/thomas-hollt/,7lsHJfkAAAAJ
Thomas J. Naughton,Maynooth University,https://www.maynoothuniversity.ie/faculty-science-engineering/our-people/thomas-naughton,A3S71cAAAAAJ
Thomas Jaki,University of Regensburg,https://www.uni-regensburg.de/informatik-data-science/computational-statistics/startseite/index.html,hg4yUCoAAAAJ
Thomas James Z. Tiam-Lee,De La Salle University,https://www.dlsu.edu.ph/colleges/ccs/faculty-profile/single/?id=32665788831&command=GETPROFILE,_LmluKUAAAAJ
Thomas Jansen 0001,Aberystwyth University,https://www.aber.ac.uk/en/cs/staff-profiles/listing/profile/thj10,eXdrAtQAAAAJ
Thomas K. Huckle,TU Munich,http://www5.in.tum.de/wiki/index.php/Univ.-Prof._Dr._Thomas_Huckle,dFz7v40AAAAJ
Thomas Kesselheim,University of Bonn,http://tcs.cs.uni-bonn.de/doku.php?id=staff:thomaskesselheim,etneny8C6icJ
Thomas Keßelheim,University of Bonn,http://tcs.cs.uni-bonn.de/doku.php?id=staff:thomaskesselheim,etneny8C6icJ
Thomas Kirste,University of Rostock,http://cpr.uni-rostock.de/resolve/id/cpr_person_00001930,pyu5sAsAAAAJ
Thomas Kosch,Humboldt University of Berlin,https://www.informatik.hu-berlin.de/de/forschung/gebiete/hci/team/tkosch,7Qltw6YAAAAJ
Thomas Kühne 0001,Victoria University of Wellington,http://ecs.victoria.ac.nz/Main/ThomasKuehne,2oKrVJ4AAAAJ
Thomas L. Griffiths 0001,Princeton University,https://cocosci.princeton.edu/tom/index.php,UAwKvEsAAAAJ
Thomas L. Sterling,Indiana University,https://www.soic.indiana.edu/all-people/profile.html?profile_id=303,t4BXt2EAAAAJ
Thomas La Porta,Pennsylvania State University,http://www.cse.psu.edu/~tfl12,t-FPWNgAAAAJ
Thomas Lawrence Sterling,Indiana University,https://www.soic.indiana.edu/all-people/profile.html?profile_id=303,t4BXt2EAAAAJ
Thomas LeBlanc,University of Miami,http://welcome.miami.edu/about-um/university-leadership/officers/thomas-leblanc/index.html,w9AzbYwAAAAJ
Thomas Lengauer [INF],Max Planck Society,https://bioinf.mpi-inf.mpg.de/homepage/index.php?account=lengauer,NOSCHOLARPAGE
Thomas Liebig,TU Dortmund,https://www-ai.cs.tu-dortmund.de/PERSONAL/liebig.html,s3ZpEYIAAAAJ
Thomas Lippert,Goethe University Frankfurt,https://www.fz-juelich.de/SharedDocs/Personen/IAS/JSC/EN/staff/lippert_th.html,t3n_G-8AAAAJ
Thomas Ludwig 0002,University of Hamburg,https://wr.informatik.uni-hamburg.de/people/thomas_ludwig,1hYJMgsAAAAJ
Thomas Lukasiewicz,University of Oxford,http://www.cs.ox.ac.uk/thomas.lukasiewicz,arjucpEAAAAJ
Thomas M. Conte,Georgia Institute of Technology,https://www.ece.gatech.edu/faculty-staff-directory/thomas-m-conte,FzBDS4gAAAAJ
Thomas M. Deserno,TU Braunschweig,https://plri.de/mitarbeiter/thomas-deserno,NOSCHOLARPAGE
Thomas M. Howard,University of Rochester,http://www.ece.rochester.edu/people/faculty/howard_tom,IvuuU14AAAAJ
Thomas M. Watson,University of Memphis,https://www.memphis.edu/accolades/college-awards/ecra.php,NOSCHOLARPAGE
Thomas Magedanz,TU Berlin,https://www.av.tu-berlin.de/menue/team/prof_dr_thomas_magedanz,1O7zChEAAAAJ
Thomas Martin Deserno,TU Braunschweig,https://plri.de/mitarbeiter/thomas-deserno,NOSCHOLARPAGE
Thomas Martin Lehmann,TU Braunschweig,https://plri.de/mitarbeiter/thomas-deserno,NOSCHOLARPAGE
Thomas Martinetz,University of Lübeck,https://www.inb.uni-luebeck.de/mitarbeiter/mitarbeiter/professoren/107.html,0-tDtUIAAAAJ
Thomas Meyer 0002,University of Cape Town,https://people.cs.uct.ac.za/~tmeyer,Ua2MNSoAAAAJ
Thomas Neumann 0001,TU Munich,https://db.in.tum.de/~neumann,xSDfDpsAAAAJ
Thomas Noll,RWTH Aachen University,https://moves.rwth-aachen.de/people/noll,KOrTdxMAAAAJ
Thomas Nolte,Mälardalen University,http://www.es.mdh.se/staff/48-Thomas_Nolte,vKIlvHIAAAAJ
Thomas Nowotny,University of Sussex,http://www.sussex.ac.uk/informatics/people/peoplelists/person/206151,W3T-i5AAAAAJ
Thomas Olsson 0002,Tampere University,https://www.tuni.fi/en/thomas-olsson,_4wz2YAAAAAJ
Thomas Otani,Naval Postgraduate School,http://faculty.nps.edu/vitae/cgi-bin/vita.cgi?p=display_vita&id=1023567704,NOSCHOLARPAGE
Thomas P. Hayes,University of New Mexico,https://www.cs.unm.edu/~hayes,RsicLQsAAAAJ
Thomas Peters,University of Connecticut,http://www.engr.uconn.edu/~tpeters,krcH9ZQAAAAJ
Thomas Peyrin,Nanyang Technological University,https://thomaspeyrin.github.io/web,JUXrVDIAAAAJ
Thomas Pietrzak,CRIStAL,http://www.thomaspietrzak.com,cxgDLYkAAAAJ
Thomas Ploetz,Georgia Institute of Technology,https://www.cc.gatech.edu/people/thomas-ploetz,kM95eWgAAAAJ
Thomas Plötz,Georgia Institute of Technology,https://www.cc.gatech.edu/people/thomas-ploetz,kM95eWgAAAAJ
Thomas Pock,Graz University of Technology,https://www.tugraz.at/institute/icg/research/team-pock/people/pock,FwNaHxQAAAAJ
Thomas R. Bewley,Univ. of California - San Diego,http://fccr.ucsd.edu/Bewley.html,NOSCHOLARPAGE
Thomas R. Fischer,Washington State University,http://www.eecs.wsu.edu/~fischer,S76z6YoAAAAJ
Thomas R. Gross,ETH Zurich,http://www.lst.inf.ethz.ch/people/personal-pages/trg.html,NOSCHOLARPAGE
Thomas R. Ioerger,Texas A&M University,http://faculty.cs.tamu.edu/ioerger,OfcXtoIAAAAJ
Thomas Ranner,University of Leeds,https://eps.leeds.ac.uk/computing/staff/643/dr-thomas-ranner,dS8Hj_AAAAAJ
Thomas Rauber,University of Bayreuth,http://www.ai2.uni-bayreuth.de/de/team/Rauber_Thomas,NOSCHOLARPAGE
Thomas Ristenpart [Tech],Cornell University,http://tech.cornell.edu/people/thomas-ristenpart,MGVrVSIAAAAJ
Thomas Rose 0001,RWTH Aachen University,https://dbis.rwth-aachen.de/dbis/index.php/user/rose/,dR-qbA4AAAAJ
Thomas Rothvoss,University of Washington,https://www.math.washington.edu/~rothvoss,Ad-hkLEAAAAJ
Thomas Rothvoß,University of Washington,https://www.math.washington.edu/~rothvoss,Ad-hkLEAAAAJ
Thomas S. E. Maibaum,McMaster University,http://www.cas.mcmaster.ca/~maibaum,NOSCHOLARPAGE
Thomas Sauerwald,University of Cambridge,https://www.cl.cam.ac.uk/~tms41,lidwLWIAAAAJ
Thomas Schmid 0002,University of Utah,https://faculty.utah.edu/u0729347-Thomas_Schmid/biography/index.hml,puOEoqoAAAAJ
Thomas Schneider 0002,University of Bremen,http://www.informatik.uni-bremen.de/~schneidt,A_iFXiQAAAAJ
Thomas Schneider 0003,TU Darmstadt,https://www.thomaschneider.de,E31PR1oAAAAJ
Thomas Schultz 0001,University of Bonn,https://cg.cs.uni-bonn.de/de/mitarbeiter/prof-dr-thomas-schultz,XDbkpmUAAAAJ
Thomas Schwarz,Univ. of California - Santa Cruz,http://www.ssrc.ucsc.edu/person/tschwarz.html,BF_pzdoAAAAJ
Thomas Schwentick,TU Dortmund,https://ls1-www.cs.tu-dortmund.de/de/kontakt-thomas-schwentick,fC1PD_8AAAAJ
Thomas Seidl 0001,LMU Munich,http://www.dbs.ifi.lmu.de/cms/personen/professoren/seidl/index.html,0fOi9KkAAAAJ
Thomas Serre,Brown University,https://serre-lab.clps.brown.edu/person/thomas-serre,kZlPW4wAAAAJ
Thomas Sfikopoulos,University of Athens,http://www.di.uoa.gr/eng/staff/1158,NOSCHOLARPAGE
Thomas Shrimpton,University of Florida,https://cise.ufl.edu/~teshrim,2Nz2U0kAAAAJ
Thomas Sikora,TU Berlin,https://www.nue.tu-berlin.de/menue/mitarbeiterinnen/prof_dr_ing_thomas_sikora,2kr3tg0AAAAJ
Thomas Sjöland,KTH Royal Institute of Technology,https://www.kth.se/profile/sjoland,P_QG1MEAAAAJ
Thomas Slawig,University of Kiel,https://www.algopt.informatik.uni-kiel.de/de/team/prof.-dr.-thomas-slawig,NOSCHOLARPAGE
Thomas Stephen Edward Maibaum,McMaster University,http://www.cas.mcmaster.ca/~maibaum,NOSCHOLARPAGE
Thomas T. Hildebrandt,University of Copenhagen,http://www.diku.dk/Ansatte/?pure=da/persons/350259,g3QnDU0AAAAJ
Thomas Tran,University of Ottawa,http://www.site.uottawa.ca/~ttran,PlpKfYgAAAAJ
Thomas Troels Hildebrandt,University of Copenhagen,http://www.diku.dk/Ansatte/?pure=da/persons/350259,g3QnDU0AAAAJ
Thomas Vantroys,CRIStAL,https://www.cristal.univ-lille.fr/profil/vantroys,cBzELssAAAAJ
Thomas Vidick,California Institute of Technology,http://cms.caltech.edu/~vidick,IGDs4HwAAAAJ
Thomas W. Kelsey,University of St Andrews,https://tom.host.cs.st-andrews.ac.uk,8Pg1AnYAAAAJ
Thomas W. Price,North Carolina State University,https://people.engr.ncsu.edu/twprice/website,v6zJ_8cAAAAJ
Thomas W. Reps,University of Wisconsin - Madison,http://pages.cs.wisc.edu/~reps,pwhyTq0AAAAJ
Thomas W. Sederberg,Brigham Young University,https://cs.byu.edu/faculty/tom,mveYvw8AAAAJ
Thomas Walter 0002,University of Tübingen,https://uni-tuebingen.de/en/faculties/faculty-of-science/departments/computer-science/lehrstuehle/informationsdienste/team/thomas-walter,NOSCHOLARPAGE
Thomas Wiegand,TU Berlin,https://www.ic.tu-berlin.de/menue/leitung,VnF9QNgAAAAJ
Thomas Wies,New York University,http://cs.nyu.edu/wies,5kOI3XwAAAAJ
Thomas Wilke,University of Kiel,https://www.theorie.informatik.uni-kiel.de/de/team/thomas-wilke,hu_TR4wAAAAJ
Thomas William Price,North Carolina State University,https://people.engr.ncsu.edu/twprice/website,v6zJ_8cAAAAJ
Thomas Young,University of Canterbury,https://www.cosc.canterbury.ac.nz/thomas.young,NOSCHOLARPAGE
Thomas Zeume,Ruhr-University Bochum,https://informatik.rub.de/zeume/,NOSCHOLARPAGE
Thomas Zinner,TU Berlin,https://www.inet.tu-berlin.de/menue/people/prof/zinner0/parameter/de,JWHwP_cAAAAJ
Thore Husfeldt,IT University of Copenhagen,https://thorehusfeldt.com,wLSsxpAAAAAJ
Thorsten Altenkirch,University of Nottingham,https://www.nottingham.ac.uk/computerscience/people/thorsten.altenkirch,EHksJkUAAAAJ
Thorsten Berger,Ruhr-University Bochum,https://www.chalmers.se/en/staff/Pages/bergert.aspx,2-YjsDsAAAAJ
Thorsten Grosch,TU Clausthal,https://www.ifi-gdpm.tu-clausthal.de/ueber-uns/personen/leitung/prof-dr-thorsten-grosch,oiN-Nx4AAAAJ
Thorsten Herfet,Saarland University,http://www.nt.uni-saarland.de/en/people/staff/thorsten-herfet,EE1ftG4AAAAJ
Thorsten Holz,CISPA Helmholtz Center,http://syssec.rub.de/~tho,tv2HR38AAAAJ
Thorsten Joachims,Cornell University,http://www.cs.cornell.edu/people/tj,5tk1PV8AAAAJ
Thorsten M. Buzug,University of Lübeck,https://www.imt.uni-luebeck.de/institute/staff/thorsten-m-buzug.html,BmU3oeYAAAAJ
Thorsten Staake,University of Bamberg,https://www.uni-bamberg.de/eesys/team/prof-dr-thorsten-staake,js-mvgoAAAAJ
Thorsten Strufe,Karlsruhe Institute of Technology,https://ps.tm.kit.edu/members_101.php,-2ilOF4AAAAJ
Thorsten Thormählen,University of Marburg,https://www.uni-marburg.de/fb12/arbeitsgruppen/grafikmultimedia/team/thormae,NOSCHOLARPAGE
Thoudam Doren Singh,National Institute of Technology Silchar,http://cs.nits.ac.in/doren,2HwvOqkAAAAJ
Thrasyvoulos Spyropoulos,EURECOM,http://www.eurecom.fr/~spyropou,WVLr6NYAAAAJ
Thu D. Nguyen,Rutgers University,https://www.cs.rutgers.edu/~tdnguyen,sm9xJEkAAAAJ
Thu Duc Nguyen,Rutgers University,https://www.cs.rutgers.edu/~tdnguyen,sm9xJEkAAAAJ
Théo Mary,Ecole Normale Superieure de Lyon,http://www.ens-lyon.fr/annuaire/m-theo-mary--300431.kjsp?RH=ENS-LYON,pHWyVsAAAAAJ
Tiago C. Ferreto,PUC-RS,http://www.inf.pucrs.br/~ferreto,1_-2-2UAAAAJ
Tiago Coelho Ferreto,PUC-RS,http://www.inf.pucrs.br/~ferreto,1_-2-2UAAAAJ
Tiago Ferreto,PUC-RS,http://www.inf.pucrs.br/~ferreto,1_-2-2UAAAAJ
Tiago João Guerreiro,Universidade de Lisboa,http://www.di.fc.ul.pt/~tjvg,mo6UPuIAAAAJ
Tiago João Vieira Guerreiro,Universidade de Lisboa,http://www.di.fc.ul.pt/~tjvg,mo6UPuIAAAAJ
Tian Guo 0001,Worcester Polytechnic Institute,https://web.cs.wpi.edu/~tian,vDzUD84AAAAJ
Tian Han 0001,Stevens Institute of Technology,https://hthth0801.github.io,Qtvu5t4AAAAJ
Tian He 0001,University of Minnesota,http://www-users.cs.umn.edu/~tianhe,hc1m_BQAAAAJ
Tian Li 0005,University of Chicago,https://cs.uchicago.edu/people/tian-li,8JWoJrAAAAAJ
Tian Liu 0001,Peking University,http://eecs.pku.edu.cn/EN/People/Faculty/Detail/?ID=6074,vkptH_oAAAAJ
Tian Tan 0001,Nanjing University,https://silverbullettt.bitbucket.io,WHymFGEAAAAJ
Tian Zhang 0001,Nanjing University,https://cs.nju.edu.cn/zhangtian,1oipMX4AAAAJ
Tian Zhao 0002,University of Wisconsin - Milwaukee,http://jiangxi.cs.uwm.edu,NOSCHOLARPAGE
Tianbao Yang,Texas A&M University,http://people.tamu.edu/~tianbao-yang/,BCxFU0EAAAAJ
Tianfan Fu,Rensselaer Polytechnic Institute,https://futianfan.github.io/,KPQ49w4AAAAJ
Tianfang Yao,Shanghai Jiao Tong University,http://bcmi.sjtu.edu.cn/~yaotianfang,NOSCHOLARPAGE
Tianhao Wang 0001,University of Virginia,https://tianhao.wang,TkgyXGwAAAAJ
Tianhong Dai,University of Aberdeen,https://www.abdn.ac.uk/people/tianhong.dai,9apiamkAAAAJ
Tianjia Shao,Zhejiang University,http://tianjiashao.com,NOSCHOLARPAGE
Tianlong Chen,University of North Carolina,https://tianlong-chen.github.io/,LE3ctn0AAAAJ
Tianming Liu 0001,University of Georgia,http://cobweb.cs.uga.edu/~tliu,92RPXm0AAAAJ
Tianqi Chen 0001,Carnegie Mellon University,https://tqchen.com,7nlvOMQAAAAJ
Tianren Liu,Peking University,https://liutianren.com,K5FZmOkAAAAJ
Tianshi Chen 0001,CUHK (SZ),https://sds.cuhk.edu.cn/en/teacher/265,CO48-XMAAAAJ
Tianshu Qu,Peking University,http://www.cis.pku.edu.cn/auditory/Staff/Dr.Qu.html,WztllNMAAAAJ
Tianshu Yu,CUHK (SZ),https://mypage.cuhk.edu.cn/academics/yutianshu/,MTHO7DsAAAAJ
Tianwei Zhang 0004,Nanyang Technological University,https://personal.ntu.edu.sg/tianwei.zhang,9vpiYDIAAAAJ
Tianxi Ji,Texas Tech University,http://www.myweb.ttu.edu/tiji,oWXZWPoAAAAJ
Tianxing Li 0001,Michigan State University,http://cse.msu.edu/~litianx2,fsnA2skAAAAJ
Tianyi Zhang 0001,Purdue University,https://tianyi-zhang.github.io,zGo44SQAAAAJ
Tianyi Zhou 0001,University of Maryland - College Park,https://www.umiacs.umd.edu/people/tianyizh,OKvgizMAAAAJ
Tianyin Xu,Univ. of Illinois at Urbana-Champaign,https://tianyin.github.io,h5ZyE5wAAAAJ
Tianyue Zheng,SUSTech,https://www.sustech.edu.cn/en/faculties/zhengtianyue.html,A-YvDJgAAAAJ
Tianyun Zhang,Cleveland State University,http://cis.csuohio.edu/~t.zhang,DpeIOjEAAAAJ
Tianzheng Wang 0001,Simon Fraser University,http://www.cs.sfu.ca/~tzwang,tACpr20AAAAJ
Tiark Rompf,Purdue University,http://tiarkrompf.github.io,L8zhVsMAAAAJ
Tiberiu Popa,Concordia University,https://users.encs.concordia.ca/~stpopa,jqyGDykAAAAJ
Tibor Bosse,VU Amsterdam,http://www.few.vu.nl/~tbosse,i3GnP80AAAAJ
Tibor Gyimóthy,University of Szeged,https://gyimothy.sed.hu,kT_qmvMAAAAJ
Tibor Jager,University of Wuppertal,https://itsc.uni-wuppertal.de/en/staff/prof-dr-ing-tibor-jager.html,2fW3HisAAAAJ
Tichakorn Wongpiromsarn,Iowa State University,https://faculty.sites.iastate.edu/nok,oclUWQEAAAAJ
Tie Luo,Missouri S&T,https://tluocs.github.io,4F60wpoAAAAJ
Tie-Jun Zhao,Harbin Institute of Technology,http://homepage.hit.edu.cn/zhaotiejun,NOSCHOLARPAGE
Tiejun Huang 0001,Peking University,http://idm.pku.edu.cn/tjhuang/,knvEK4AAAAAJ
Tiejun Ma,University of Edinburgh,http://www.inf.ed.ac.uk/people/staff/Tiejun_Ma.html,NOSCHOLARPAGE
Tiejun Zhao,Harbin Institute of Technology,http://homepage.hit.edu.cn/zhaotiejun,NOSCHOLARPAGE
Tieke He,Nanjing University,https://hetieke.cn/,1HMCHIAAAAAJ
Tien D. Bui,Concordia University,http://www.cs.concordia.ca/~bui,1609q00AAAAJ
Tien Dai Bui,Concordia University,http://www.cs.concordia.ca/~bui,1609q00AAAAJ
Tien Mai,Singapore Management University,https://sis.smu.edu.sg/faculty/profile/167371/MAI-Anh-Tien,5TgvaiwAAAAJ
Tien N. Nguyen,University of Texas at Dallas,http://www.utdallas.edu/~tien.n.nguyen,l4QhOVoAAAAJ
Tien Tuan Anh Dinh,SUTD,http://istd.sutd.edu.sg/people/faculty/dinh-tien-tuan-anh,224X-HoAAAAJ
Tien-Fu Chen,National Chiao Tung University,http://www.cs.nctu.edu.tw/~tfchen,coZE3XcAAAAJ
Tien-Tsin Wong,Chinese University of Hong Kong,http://www.cse.cuhk.edu.hk/~ttwong,05U81tIAAAAJ
Tieniu Tan,Chinese Academy of Sciences,http://english.cas.cn/about_us/administration/administrators/201409/t20140926_128522.html,W-FGd_UAAAAJ
Tieyun Qian,Wuhan University,https://cs.whu.edu.cn/info/1019/2852.htm,zoDVBPAAAAAJ
Tiffani L. Williams,Texas A&M University,http://faculty.cs.tamu.edu/tlw,HVQT4cAAAAAJ
Tiffany Bao,Arizona State University,https://www.tiffanybao.com,mOraMN8AAAAJ
Tiffany Barnes,North Carolina State University,https://www.csc.ncsu.edu/people/tmbarnes,2hemeGMAAAAJ
Tiffany M. Barnes,North Carolina State University,https://www.csc.ncsu.edu/people/tmbarnes,2hemeGMAAAAJ
Tijana Milenkovic,University of Notre Dame,http://www3.nd.edu/~tmilenko,QrS2y5sAAAAJ
Tijs Slaats,University of Copenhagen,http://diku.dk/english/staff/?pure=en/persons/561613,c9fu-JIAAAAJ
Tijs van der Storm,CWI,http://homepages.cwi.nl/~storm,yJ5PAekAAAAJ
Till Bretschneider,University of Warwick,https://warwick.ac.uk/fac/sci/dcs/people/till_bretschneider,mzMt1IAAAAAJ
Till Miltzow,Utrecht University,https://sites.google.com/view/miltzow/home,y8ae9ZYAAAAJ
Till Mossakowski,University of Magdeburg,http://theo.cs.ovgu.de,0dpSgpQAAAAJ
Till Tantau,University of Lübeck,http://www.tcs.uni-luebeck.de/de/mitarbeiter/tantau,NOSCHOLARPAGE
Tillman Weyde,City University of London,https://www.city.ac.uk/people/academics/tillman-weyde,DUgCliAAAAAJ
Tillmann Miltzow,Utrecht University,https://sites.google.com/view/miltzow/home,y8ae9ZYAAAAJ
Tilman Dingler,University of Melbourne,https://findanexpert.unimelb.edu.au/profile/814587-tilman-dingler,9l4xysIAAAAJ
Tilmann Rabl,Hasso Plattner Institute,https://hpi.de/das-hpi/personen/professoren/prof-dr-tilmann-rabl.html,BQvUJuYAAAAJ
Tilo Burghardt,University of Bristol,http://www.cs.bris.ac.uk/~burghard,lqM244QAAAAJ
Tilo Böhmann,University of Hamburg,https://www.inf.uni-hamburg.de/en/inst/ab/itmc/team/boehmann.html,xGzSaOUAAAAJ
Tim A. C. Willemse,TU Eindhoven,http://www.win.tue.nl/~timw,NOSCHOLARPAGE
Tim Althoff,University of Washington,http://www.timalthoff.com,yc4nBNgAAAAJ
Tim B. Dyrby,DTU,https://www.compute.dtu.dk/english,NOSCHOLARPAGE
Tim Baarslag,Utrecht University,https://homepages.cwi.nl/~baarslag,Ic5t92AAAAAJ
Tim Baldwin,MBZUAI,https://mbzuai.ac.ae/study/faculty/timothy-baldwin,wjBD1dkAAAAJ
Tim Beißbarth,University of Göttingen,http://bioinformatics.umg.eu,xKN6zUsAAAAJ
Tim Bell,University of Canterbury,http://www.cosc.canterbury.ac.nz/tim.bell,NOSCHOLARPAGE
Tim Bjørn Dyrby,DTU,https://www.compute.dtu.dk/english,NOSCHOLARPAGE
Tim Blackwell,Goldsmiths University of London,https://www.gold.ac.uk/computing/staff/t-blackwell,NOSCHOLARPAGE
Tim Brecht,University of Waterloo,https://cs.uwaterloo.ca/~brecht,74nBKe8AAAAJ
Tim Chen,University of Technology Sydney,https://www.uts.edu.au/staff/tim.chen,UgJAkMgAAAAJ
Tim Chen 0001,University of Technology Sydney,https://www.uts.edu.au/staff/tim.chen,UgJAkMgAAAAJ
Tim D. Barfoot,University of Toronto,http://asrl.utias.utoronto.ca/~tdb,N_vPIhoAAAAJ
Tim Dwyer,Monash University,http://marvl.infotech.monash.edu/~dwyer,cOEUhBAAAAAJ
Tim Erhan Güneysu,Ruhr-University Bochum,http://www.seceng.rub.de/chair/staff/gueneysu,QrXiIS0AAAAJ
Tim Fernando,Trinity College Dublin,https://www.scss.tcd.ie/Tim.Fernando,NOSCHOLARPAGE
Tim Finin,Univ. of Maryland - Baltimore County,http://umbc.edu/~finin,p5oWQ0AAAAAJ
Tim French,University of Western Australia,http://uwa.edu.au/people/tim.french,zcqX-AgAAAAJ
Tim French 0001,University of Western Australia,http://uwa.edu.au/people/tim.french,zcqX-AgAAAAJ
Tim Güneysu,Ruhr-University Bochum,http://www.seceng.rub.de/chair/staff/gueneysu,QrXiIS0AAAAJ
Tim Hopkins,University of Kent,https://www.cs.kent.ac.uk/people/staff/trh,_Anf3acAAAAJ
Tim Kovacs,University of Bristol,http://www.cs.bris.ac.uk/~kovacs,pil1zQsAAAAJ
Tim Landgraf,Freie Universitaet Berlin,https://www.mi.fu-berlin.de/inf/groups/ag-ki/members/Professoren/Tim_Landgraf.html,ChX0opIAAAAJ
Tim Littler,Queen's University Belfast,https://www.qub.ac.uk/schools/eeecs/Connect/Staff/BusinessCard/?name=t.littler,ebzTOKsAAAAJ
Tim McInerney,Toronto Metropolitan University,https://www.scs.torontomu.ca/~tmcinern,4jp8rwgAAAAJ
Tim Menzies,North Carolina State University,http://menzies.us,7htTUTgmLtUC
Tim Merritt,Aalborg University,http://www.ixd.net,RBhmAmkAAAAJ
Tim Miller 0001,University of Melbourne,http://people.eng.unimelb.edu.au/tmiller,D3m499MAAAAJ
Tim Muller,University of Nottingham,https://www.nottingham.ac.uk/computerscience/people/tim.muller,2zh4Yw0AAAAJ
Tim Newman,University of Alabama - Huntsville,http://www.cs.uah.edu/~tnewman,KkN7DMIAAAAJ
Tim Oates 0001,Univ. of Maryland - Baltimore County,http://www.csee.umbc.edu/people/faculty/tim-oates,NOSCHOLARPAGE
Tim P. Kelly,University of York,https:/www-users.cs.york.ac.uk/~tpk,cNeDb_8AAAAJ
Tim Robert Merritt,Aalborg University,http://www.ixd.net,RBhmAmkAAAAJ
Tim Roughgarden,Columbia University,http://timroughgarden.org,0lcJYs8AAAAJ
Tim Sherwood,Univ. of California - Santa Barbara,https://www.cs.ucsb.edu/~sherwood,nLuHfy4AAAAJ
Tim Storer,University of Glasgow,http://www.dcs.gla.ac.uk/~tws,vxlepBgAAAAJ
Tim W. Nattkemper,Bielefeld University,http://ekvv.uni-bielefeld.de/pers_publ/publ/PersonDetail.jsp?personId=11602,8SR1jMcAAAAJ
Tim Weitzel,University of Bamberg,https://www.uni-bamberg.de/isdl/team/weitzel-prof-dr-tim,C9geoz8AAAAJ
Tim Weninger,University of Notre Dame,https://www3.nd.edu/~tweninge,V1js0MUAAAAJ
Tim Weyrich,University College London,http://www.cs.ucl.ac.uk/staff/t.weyrich,pUB0nnwhGVAC
Tim Wilhelm Nattkemper,Bielefeld University,http://ekvv.uni-bielefeld.de/pers_publ/publ/PersonDetail.jsp?personId=11602,8SR1jMcAAAAJ
Timo Gerkmann,University of Hamburg,https://www.inf.uni-hamburg.de/en/inst/ab/sp/people/gerkmann.html,X0WjZyMAAAAJ
Timo Hämäläinen 0001,Tampere University,https://www.tuni.fi/en/timo-hamalainen,0LwiaY8AAAAJ
Timo Hönig,Ruhr-University Bochum,https://www4.cs.fau.de/~thoenig,546Ya50AAAAJ
Timo Kehrer,Humboldt University of Berlin,https://www.informatik.hu-berlin.de/de/forschung/gebiete/mse,WJw1SK0AAAAJ
Timo Ropinski,University of Ulm,https://www.uni-ulm.de/in/mi/institut/mitarbeiter/tr,FuY-lbcAAAAJ
Timothy A. Davis 0001,Texas A&M University,http://faculty.cse.tamu.edu/davis,v6zfjqMAAAAJ
Timothy A. Gonsalves,IIT Mandi,http://www.cse.iitm.ac.in/~tag,NOSCHOLARPAGE
Timothy Baldwin,MBZUAI,https://mbzuai.ac.ae/study/faculty/timothy-baldwin,wjBD1dkAAAAJ
Timothy Bourke,Ecole Normale Superieure,http://www.di.ens.fr/~bourke,XOi6VWwAAAAJ
Timothy Bretl,Univ. of Illinois at Urbana-Champaign,http://bretl.csl.illinois.edu,ab_0lGcAAAAJ
Timothy C. Bell,University of Canterbury,http://www.cosc.canterbury.ac.nz/tim.bell,NOSCHOLARPAGE
Timothy C. Lethbridge,University of Ottawa,http://www.site.uottawa.ca/~tcl,PQ9tLbUAAAAJ
Timothy Cribbin,Brunel University London,https://www.brunel.ac.uk/people/timothy-cribbin,YElMutkmjUoJ
Timothy D. Barfoot,University of Toronto,http://asrl.utias.utoronto.ca/~tdb,N_vPIhoAAAAJ
Timothy G. Griffin,University of Cambridge,https://www.cl.cam.ac.uk/~tgg22,bNZfDVgAAAAJ
Timothy Griffin,University of Cambridge,https://www.cl.cam.ac.uk/~tgg22,bNZfDVgAAAAJ
Timothy J. Ellis,Nova Southeastern University,https://cec.nova.edu/faculty/ellis.html,NOSCHOLARPAGE
Timothy J. Hickey,Brandeis University,http://www.cs.brandeis.edu/~tim,APFVA6sAAAAJ
Timothy J. Norman,University of Southampton,https://www.ecs.soton.ac.uk/people/tjn1f15,8Rt0X9AAAAAJ
Timothy J. O'Donnell,McGill University,https://mcqll.org/people/odonnell.timothy/,iYjXhYwAAAAJ
Timothy L. Andersen,Boise State University,http://cs.boisestate.edu/~tim,mTErwxgAAAAJ
Timothy Lethbridge,University of Ottawa,http://www.site.uottawa.ca/~tcl,PQ9tLbUAAAAJ
Timothy M. Chan,Univ. of Illinois at Urbana-Champaign,http://tmc.web.engr.illinois.edu,NOSCHOLARPAGE
Timothy M. Hospedales,University of Edinburgh,http://homepages.inf.ed.ac.uk/thospeda,nHhtvqkAAAAJ
Timothy M. Jones 0001,University of Cambridge,https://www.cl.cam.ac.uk/~tmj32,qnn3-gMAAAAJ
Timothy McCarthy,Maynooth University,https://www.maynoothuniversity.ie/faculty-science-engineering/our-people/tim-mccarthy,fP6aKNEAAAAJ
Timothy Merritt,Aalborg University,http://www.ixd.net,RBhmAmkAAAAJ
Timothy Merritt 0001,Aalborg University,http://www.ixd.net,RBhmAmkAAAAJ
Timothy Oates 0001,Univ. of Maryland - Baltimore County,http://www.csee.umbc.edu/people/faculty/tim-oates,NOSCHOLARPAGE
Timothy Robert Merritt,Aalborg University,http://www.ixd.net,RBhmAmkAAAAJ
Timothy Roscoe,ETH Zurich,http://people.inf.ethz.ch/troscoe,NOSCHOLARPAGE
Timothy Savage,Trinity College Dublin,https://www.scss.tcd.ie/Tim.Savage,FzzpC90AAAAJ
Timothy Sherwood,Univ. of California - Santa Barbara,https://www.cs.ucsb.edu/~sherwood,nLuHfy4AAAAJ
Timothy Stewart French,University of Western Australia,http://uwa.edu.au/people/tim.french,zcqX-AgAAAAJ
Timothy Storer,University of Glasgow,http://www.dcs.gla.ac.uk/~tws,vxlepBgAAAAJ
Timothy W. Bickmore,Northeastern University,http://www.ccs.neu.edu/home/bickmore,x9kzObUAAAAJ
Timothy W. Finin,Univ. of Maryland - Baltimore County,http://umbc.edu/~finin,p5oWQ0AAAAAJ
Timothy Wiley,RMIT University,https://www.rmit.edu.au/contact/staff-contacts/academic-staff/w/wiley-dr-timothy,LhqZdy0AAAAJ
Timothy Wood 0001,George Washington University,https://www.seas.gwu.edu/timothy-wood,gZnLi9sAAAAJ
Timothy Zhu,Pennsylvania State University,https://sites.psu.edu/timothyz,EhCg54EAAAAJ
Tin Chi Nguyen,University of Nevada,https://www.cse.unr.edu/~tinn,WRyPP80AAAAJ
Tin Lok James Ng,Trinity College Dublin,https://www.scss.tcd.ie/personnel/ngja,a2ahoJIAAAAJ
Tin Lun Lam,CUHK (SZ),https://myweb.cuhk.edu.cn/tllam,YdOL0KUAAAAJ
Tin Nguyen,University of Nevada,https://www.cse.unr.edu/~tinn,WRyPP80AAAAJ
Tin Nguyen 0001,University of Nevada,https://www.cse.unr.edu/~tinn,WRyPP80AAAAJ
Tina Eliassi-Rad,Northeastern University,http://www.ccis.northeastern.edu/people/tina-eliassi-rad,TXb5Ym8AAAAJ
Ting Bai,BUPT,https://tbbaby.github.io/baiting_index.html,1mQvSPkAAAAJ
Ting He 0001,Pennsylvania State University,https://www.eecs.psu.edu/departments/directory-detail-g.aspx?q=tzh58,g9yS74gAAAAJ
Ting Hu 0001,Memorial University of Newfoundland,https://www.mun.ca/computerscience/people/tingh.php,ikLwqLwAAAAJ
Ting Liu 0001,Harbin Institute of Technology,http://ir.hit.edu.cn/~tliu,zyMJ1V0AAAAJ
Ting Liu 0002,Xi'an Jiaotong University,http://gr.xjtu.edu.cn/web/tingliu/4,vcG2mn8AAAAJ
Ting Su 0001,East China Normal University,http://tingsu.github.io,GHPWI7oAAAAJ
Ting Wang 0006,Stony Brook University,https://alps-lab.github.io/,cwcBTegAAAAJ
Ting Yu 0001,Qatar Computing Research Institute,http://www.qcri.org.qa/our-people/bio?pid=115&name=Ting_Yu,6filNLkAAAAJ
Ting Zhong,UESTC,http://www.is.uestc.edu.cn/teachers.do?id=1093,NOSCHOLARPAGE
Ting Zhu 0001,Ohio State University,https://engineering.osu.edu/people/zhu.3445,BXp6PIIAAAAJ
Ting-Chi Wang,National Tsing Hua University,http://www.cs.nthu.edu.tw/~tcwang,yZfRvvoAAAAJ
Ting-Chuen Pong,HKUST,https://www.cse.ust.hk/faculty/tcpong,NOSCHOLARPAGE
Ting-Ting Hwang,National Tsing Hua University,http://www.cs.nthu.edu.tw/~tingting,NOSCHOLARPAGE
Ting-Zhu Huang,Univ. of Maryland - Baltimore County,http://www.csee.umbc.edu/~zt,H7El-ZkAAAAJ
Tingfang Wu,Soochow University,http://web.suda.edu.cn/tfwu,6YpW-EEAAAAJ
Tinghuan Chen,CUHK (SZ),https://mypage.cuhk.edu.cn/academics/chentinghuan/,gZcc-RQAAAAJ
Tingjian Ge,University of Massachusetts Lowell,http://www.cs.uml.edu/~ge,NOSCHOLARPAGE
Tingting Han 0001,Birkbeck University of London,https://www.dcs.bbk.ac.uk/about/people/academic-staff/tingting,NOSCHOLARPAGE
Tingting Jiang 0001,Peking University,http://www.idm.pku.edu.cn/staff/jiangtingting,p6RJZj0AAAAJ
Tingting Yu,University of Cincinnati,https://homepages.uc.edu/~tyu,vcg-v-IAAAAJ
Tingzhu Huang,Univ. of Maryland - Baltimore County,http://www.csee.umbc.edu/~zt,H7El-ZkAAAAJ
Tino Weinkauf,KTH Royal Institute of Technology,https://www.kth.se/profile/weinkauf,ZS5iEecAAAAJ
Tinoosh Mohsenin,Univ. of Maryland - Baltimore County,http://www.csee.umbc.edu/~tinoosh,9grfK9gAAAAJ
Tiow Seng Tan,National University of Singapore,http://www.comp.nus.edu.sg/~tants,lQJFHbIAAAAJ
Tirthak Patel,Rice University,https://profiles.rice.edu/faculty/tirthak-patel,tHR-61EAAAAJ
Tirtharaj Dash,Univ. of California - San Diego,https://tirtharajdash.github.io/,ktISUUIAAAAJ
Tiziana Calamoneri,Sapienza University of Rome,http://wwwusers.di.uniroma1.it/~calamo,qfO36wAAAAJ
Tiziana Catarci,Sapienza University of Rome,http://www.diag.uniroma1.it/users/tiziana%20catarci,K2jKdVMAAAAJ
Tjark Weber,Uppsala University,http://user.it.uu.se/~tjawe125,NOSCHOLARPAGE
Toacy C. Oliveira,UFRJ,http://www.cos.ufrj.br/~toacy,A7IW50MAAAAJ
Toacy Cavalcante de Oliveira,UFRJ,http://www.cos.ufrj.br/~toacy,A7IW50MAAAAJ
Tobias Andersen,DTU,https://www.compute.dtu.dk/english,NOSCHOLARPAGE
Tobias Bollenbach,IST Austria,https://ist.ac.at/research/research-groups/bollenbach-group,NOSCHOLARPAGE
Tobias Fischer 0001,Queensland University of Technology,https://research.qut.edu.au/qcr/people/tobias-fischer,eq46ylAAAAAJ
Tobias Friedrich 0001,Hasso Plattner Institute,https://hpi.de/en/the-hpi/people/professors/prof-dr-tobias-friedrich.html,vxfzU6IAAAAJ
Tobias Glasmachers,Ruhr-University Bochum,https://www.ini.rub.de/the_institute/people/tobias-glasmachers,U8S86d4AAAAJ
Tobias Hossfeld,University of Würzburg,http://www.comnet.informatik.uni-wuerzburg.de/team/mitarbeiter/hossfeld,AdGp9e0AAAAJ
Tobias Hoßfeld,University of Würzburg,http://www.comnet.informatik.uni-wuerzburg.de/team/mitarbeiter/hossfeld,AdGp9e0AAAAJ
Tobias Höllerer,Univ. of California - Santa Barbara,http://www.cs.ucsb.edu/~holl,008lr2cAAAAJ
Tobias Knopp,Hamburg University of Technology,https://www.tuhh.de/ibi/people/tobias-knopp-head-of-institute.html,5gpkOBAAAAAJ
Tobias Kramer,University of Koblenz-Landau,https://www.uni-koblenz-landau.de/de/koblenz/fb4/ifm/mud/team/tobias-kraemer,19ZQCsMAAAAJ
Tobias Kuhn,VU Amsterdam,http://www.tkuhn.org,26_NNqEAAAAJ
Tobias Meisen,University of Wuppertal,https://www.tmdt.uni-wuppertal.de/de/team/tobias-meisen-prof-dr-ing.html,fSmbntoAAAAJ
Tobias Nipkow,TU Munich,http://www.in.tum.de/~nipkow,lv19c_cAAAAJ
Tobias Ritschel 0001,University College London,http://www0.cs.ucl.ac.uk/people/T.Ritschel.html,KP_UI7sAAAAJ
Tobias Scheffer,University of Potsdam,https://www.uni-potsdam.de/en/cs-ml/staff/contacts/scheffer,UjV0M9QAAAAJ
Tobias Schreck,Graz University of Technology,https://www.tugraz.at/institute/cgv/schreck,9cJsSIIAAAAJ
Tobias Weinzierl,Durham University,https://www.dur.ac.uk/computer.science/staff/profile/?id=12329,pRrvub4AAAAJ
Tobias Wrigstad,Uppsala University,http://wrigstad.com,EfO5KRQAAAAJ
Tobin Isaac,Georgia Institute of Technology,http://triquadtethex.org,SpDPpqgAAAAJ
Toby C. Murray,University of Melbourne,http://people.eng.unimelb.edu.au/tobym,Bd8pZGgAAAAJ
Toby Jia-Jun Li,University of Notre Dame,https://cse.nd.edu/faculty/toby-jia-jun-li,qCUO0kAAAAJ
Toby Murray,University of Melbourne,http://people.eng.unimelb.edu.au/tobym,Bd8pZGgAAAAJ
Toby P. Breckon,Durham University,https://www.dur.ac.uk/computer.science/staff/profile/?id=11955,9hpHb44AAAAJ
Toby S. Cubitt,University College London,http://www.dr-qubit.org,3b-ny5YAAAAJ
Toby Walsh,UNSW,http://www.cse.unsw.edu.au/~tw,oOQ6x0IAAAAJ
Todd A. Brun,University of Southern California,http://www-bcf.usc.edu/~tbrun,0WBCi1AAAAAJ
Todd A. Proebsting,University of Arizona,http://proebsting.cs.arizona.edu,pWZ7c4MAAAAJ
Todd C. Mowry,Carnegie Mellon University,http://www.cs.cmu.edu/~tcm,MYsIXF4AAAAJ
Todd D. Millstein,Univ. of California - Los Angeles,http://www.cs.ucla.edu/~todd,u_tOExoAAAAJ
Todd Eavis,Concordia University,https://www.concordia.ca/faculty/todd-eavis.html,IukO3bIAAAAJ
Todd F. Dupont,University of Chicago,http://people.cs.uchicago.edu/~dupont,BCRISEEAAAAJ
Todd J. Treangen,Rice University,https://sites.google.com/view/treangen/home,N5irv88AAAAJ
Todd M. Austin,University of Michigan,http://web.eecs.umich.edu/~taustin,B8O_SVkAAAAJ
Todd Wareham,Memorial University of Newfoundland,https://www.mun.ca/computerscience/people/harold.php,NOSCHOLARPAGE
Todor P. Stefanov,Leiden University,https://liacs.leidenuniv.nl/~stefanovtp,dCZyI18AAAAJ
Tok Wang Ling,National University of Singapore,http://www.comp.nus.edu.sg/~lingtw,UftrQocAAAAJ
Tolga Ayav,Izmir Institute of Technology,http://ceng.iyte.edu.tr/people/tolga-ayav,Pt9GoVgAAAAJ
Tolga Birdal,Imperial College London,https://tolgabirdal.github.io/,_Bxd5ggAAAAJ
Tolga Can,Middle East Technical University,http://user.ceng.metu.edu.tr/~tcan,5U97BEwAAAAJ
Tolga Ovatman,Istanbul Technical University,http://web.itu.edu.tr/ovatman,WIzmCCYAAAAJ
Tolga Tasdizen,University of Utah,http://www.sci.utah.edu/~tolga,qcydYi8AAAAJ
Tom A. Rodden,University of Nottingham,https://www.nottingham.ac.uk/computerscience/people/tom.rodden,gWbK0A0AAAAJ
Tom Altman,University of Colorado - Denver,http://www.ucdenver.edu/academics/colleges/Engineering/Programs/Computer-Science-and-Engineering/faculty/Pages/TomAltman.aspx,NOSCHOLARPAGE
Tom Arodz,Virginia Commonwealth University,http://www.people.vcu.edu/~tarodz,UXlsAbwAAAAJ
Tom Bartindale,Monash University,https://research.monash.edu/en/persons/tom-bartindale,yLecSWgAAAAJ
Tom Chandler,Monash University,http://monash.edu/research/explore/en/persons/thomas-chandler(a463de60-ea28-4a19-9176-a90ba8599429).html,XYDk2ncAAAAJ
Tom Chothia,University of Birmingham,https://www.birmingham.ac.uk/staff/profiles/computer-science/academic-staff/chothia-tom.aspx,7LdBBpMAAAAJ
Tom Claassen,Radboud University,https://www.ru.nl/english/people/claassen-t,WpOKcPMAAAAJ
Tom Conte 0001,Georgia Institute of Technology,https://www.ece.gatech.edu/faculty-staff-directory/thomas-m-conte,FzBDS4gAAAAJ
Tom Deakin,University of Bristol,https://research-information.bris.ac.uk/en/persons/tom-deakin,LWc0z_kAAAAJ
Tom Denison,Monash University,http://monash.edu/research/explore/en/persons/tom-denison(b15ffe81-ebae-4da8-b490-c5a6b77d2d90).html,BzNBhvAAAAAJ
Tom Fairgrieve,University of Toronto,http://www.cs.toronto.edu/~tff,NOSCHOLARPAGE
Tom Fletcher,University of Virginia,https://engineering.virginia.edu/faculty/tom-fletcher,7pRRhkkAAAAJ
Tom Friedetzky,Durham University,https://www.dur.ac.uk/computer.science/staff/profile/?id=1163,NOSCHOLARPAGE
Tom Goldstein,University of Maryland - College Park,https://www.cs.umd.edu/~tomg,KmSuVtgAAAAJ
Tom Griffiths 0001,Princeton University,https://cocosci.princeton.edu/tom/index.php,UAwKvEsAAAAJ
Tom Gross,University of Bamberg,https://www.uni-bamberg.de/hci/team/tom-gross,YcxiFvMAAAAJ
Tom Gur,University of Warwick,https://warwick.ac.uk/fac/sci/dcs/people/tom_gur,edMuHPUAAAAJ
Tom H. MacFarland,Nova Southeastern University,https://cec.nova.edu/faculty/macfarland.html,NOSCHOLARPAGE
Tom Hayes,University at Buffalo,https://www.cs.unm.edu/~hayes,RsicLQsAAAAJ
Tom Henderson,University of Utah,http://www.cs.utah.edu/~tch,khCvByoAAAAJ
Tom Heskes,Radboud University,https://www.cs.ru.nl/~tomh,3jUymSMAAAAJ
Tom Holvoet,KU Leuven,https://distrinet.cs.kuleuven.be/people/tom,Cps1ee8AAAAJ
Tom Hope,Hebrew University of Jerusalem,https://www.cs.huji.ac.il/~tomhope/,9aJWRBgAAAAJ
Tom J. Viering,TU Delft,https://www.tudelft.nl/ewi/over-de-faculteit/afdelingen/intelligent-systems/pattern-recognition-bioinformatics/pattern-recognition-bioinformatics/people/tom-viering,kDKHudMAAAAJ
Tom Jenkins,IT University of Copenhagen,https://pure.itu.dk/portal/da/persons/tom-jenkins,Al_wa1oAAAAJ
Tom Julian Viering,TU Delft,https://www.tudelft.nl/ewi/over-de-faculteit/afdelingen/intelligent-systems/pattern-recognition-bioinformatics/pattern-recognition-bioinformatics/people/tom-viering,kDKHudMAAAAJ
Tom Kelly,University of Leeds,https://eps.leeds.ac.uk/computing/staff/1545/dr-tom-kelly,MzDoKg8AAAAJ
Tom Kelsey,University of St Andrews,https://tom.host.cs.st-andrews.ac.uk,8Pg1AnYAAAAJ
Tom La Porta,Pennsylvania State University,http://www.cse.psu.edu/~tfl12,t-FPWNgAAAAJ
Tom Lenaerts,Université libre de Bruxelles,http://www.ulb.ac.be/di/map/tlenaert/Home_Tom_Lenaerts/Welcome.html,xpVAdlAAAAAJ
Tom M. Heskes,Radboud University,https://www.cs.ru.nl/~tomh,3jUymSMAAAAJ
Tom M. Mitchell,Carnegie Mellon University,http://www.cs.cmu.edu/~tom,_ZVyA_gAAAAJ
Tom Maibaum,McMaster University,http://www.cas.mcmaster.ca/~maibaum,NOSCHOLARPAGE
Tom Melham,University of Oxford,http://www.cs.ox.ac.uk/tom.melham/home.html,AdBqkbIAAAAJ
Tom Michael Mitchell,Carnegie Mellon University,http://www.cs.cmu.edu/~tom,_ZVyA_gAAAAJ
Tom Moher,University of Illinois at Chicago,https://www.evl.uic.edu/moher/Tom_Moher/Home.html,NOSCHOLARPAGE
Tom Rodden,University of Nottingham,https://www.nottingham.ac.uk/computerscience/people/tom.rodden,gWbK0A0AAAAJ
Tom S. F. Haines,University of Bath,http://thaines.com,jg2HJ7QAAAAJ
Tom Schrijvers,KU Leuven,https://people.cs.kuleuven.be/~tom.schrijvers,JVXShtsAAAAJ
Tom Shrimpton,University of Florida,https://cise.ufl.edu/~teshrim,2Nz2U0kAAAAJ
Tom Verhoeff,TU Eindhoven,http://www.win.tue.nl/~wstomv,Dz6KASIAAAAJ
Tom Viering,TU Delft,https://www.tudelft.nl/ewi/over-de-faculteit/afdelingen/intelligent-systems/pattern-recognition-bioinformatics/pattern-recognition-bioinformatics/people/tom-viering,kDKHudMAAAAJ
Tom Weidong Cai,University of Sydney,https://sydney.edu.au/engineering/about/our-people/academic-staff/tom-cai.html,N8qTc2AAAAAJ
Tom Williams 0001,Colorado School of Mines,http://inside.mines.edu/~twilliams,NOSCHOLARPAGE
Tom Yeh,University of Colorado Boulder,http://tomyeh.info,mDNhPjAAAAAJ
Tomas Olovsson,Chalmers/GU,https://www.chalmers.se/en/staff/Pages/tomas-olovsson.aspx,NOSCHOLARPAGE
Tomas Petricek 0001,Charles University,http://tomasp.net,WrTuTOcAAAAJ
Tomas Sauer,University of Passau,http://www.fim.uni-passau.de/en/digital-image-processing,cav6AS8AAAAJ
Tomas Sokoler,IT University of Copenhagen,https://pure.itu.dk/portal/da/persons/tomas-sokoler,3yhKwbUAAAAJ
Tomaso Aste,University College London,http://www.cs.ucl.ac.uk/staff/tomaso_aste,27pUbTUAAAAJ
Tomasz Arodz,Virginia Commonwealth University,http://www.people.vcu.edu/~tarodz,UXlsAbwAAAAJ
Tomasz Gogacz,University of Wroclaw,http://www.ii.uni.wroc.pl/~gogo,Tj8exFgAAAAJ
Tomasz Imielinski,Rutgers University,https://www.cs.rutgers.edu/~imielins,fEYp6hEAAAAJ
Tomasz Jurdzinski,University of Wroclaw,https://www.ii.uni.wroc.pl/~tju,iCHaLw0AAAAJ
Tomasz Kazana,University of Warsaw,http://www.crypto.edu.pl/Kazana,r0mZYagAAAAJ
Tomasz P. Michalak,University of Warsaw,http://tomaszmichalak.net,YgykRA0AAAAJ
Tomasz Pawel Michalak,University of Warsaw,http://tomaszmichalak.net,YgykRA0AAAAJ
Tomasz Radzik,King's College London,https://www.kcl.ac.uk/people/tomasz-radzik,7yAUDgoAAAAJ
Tomasz Walen,University of Warsaw,http://www.mimuw.edu.pl/~walen,MFuTWXYAAAAJ
Tomer Koren,Tel Aviv University,https://tomerkoren.github.io,wGG1voYAAAAJ
Tomer Michaeli,Technion,https://tomer.net.technion.ac.il,n2EbR2cAAAAJ
Tomer Shlomi,Technion,http://www.cs.technion.ac.il/~tomersh,NOSCHOLARPAGE
Tomi Janhunen,Tampere University,https://www.tuni.fi/en/tomi-janhunen,M84ghWAAAAAJ
Tomi Männistö,University of Helsinki,https://www.cs.helsinki.fi/u/tomimann,ZSX8_ToAAAAJ
Tommaso Caselli,University of Groningen,https://www.rug.nl/staff/t.caselli,fxQvP_QAAAAJ
Tommaso Cucinotta,Scuola Superiore Sant'Anna,http://retis.sssup.it/~tommaso,5KhC3CEAAAAJ
Tommi Mikkonen,University of Helsinki,https://researchportal.helsinki.fi/en/persons/tommi-mikkonen,Y2F-AWAAAAAJ
Tommi S. Jaakkola,Massachusetts Institute of Technology,https://people.csail.mit.edu/tommi,NOSCHOLARPAGE
Tommie Meyer,University of Cape Town,https://people.cs.uct.ac.za/~tmeyer,Ua2MNSoAAAAJ
Tommy Dang,Texas Tech University,http://www.myweb.ttu.edu/tnhondan,NOSCHOLARPAGE
Tommy Kaplan,Hebrew University of Jerusalem,http://www.cs.huji.ac.il/~tommy,Zqqw2FQAAAAJ
Tomofumi Yuki,Ecole Normale Superieure de Lyon,http://perso.ens-lyon.fr/tomofumi.yuki,SV9UUhYAAAAJ
Tomohiro Mashita,Osaka University,https://www.ist.osaka-u.ac.jp/english/introduction/professors/information-systems-engineering/integrated-media-environment/tomohiro-mashita.html,HuUarfEAAAAJ
Tomohiro Nagashima,Saarland University,https://tomonag.org,oc_P_rsAAAAJ
Tomohiro Tanikawa,University of Tokyo,http://www.cyber.t.u-tokyo.ac.jp,NOSCHOLARPAGE
Tomohiro Yoneda,National Institute of Informatics,https://www.nii.ac.jp/en/faculty/architecture/yoneda_tomohiro/,NOSCHOLARPAGE
Tomomi Matsui,Tokyo Institute of Technology,http://tomomi.my.coocan.jp/welcomeE.html,6lYy6-QAAAAJ
Tomoyuki Takahata,University of Tokyo,http://www.leopard.t.u-tokyo.ac.jp/~takahata,NOSCHOLARPAGE
Tomás Brázdil,Masaryk University,https://www.muni.cz/en/people/4074,4Mp6OSYAAAAJ
Tomás Bures,Charles University,https://d3s.mff.cuni.cz/people/tomasbures,V5ILAxAAAAAJ
Tomás Cerný,Baylor University,http://cs.baylor.edu/~cerny/,iBX2zM4AAAAJ
Tomás García Ferrari,University of Waikato,http://www.cms.waikato.ac.nz/people/tomasgf,U5v_QA0AAAAJ
Tomás Krajník,Czech Technical University,http://labe.felk.cvut.cz/~tkrajnik,Qv3nqgsAAAAJ
Tomás Lozano-Pérez,Massachusetts Institute of Technology,http://people.csail.mit.edu/tlp,NOSCHOLARPAGE
Tomás Pajdla,Czech Technical University,https://people.ciirc.cvut.cz/~pajdla,gnR4zf8AAAAJ
Tomás Pitner,Masaryk University,https://www.muni.cz/en/people/94,bX-cpaoAAAAJ
Tomás Svoboda,Czech Technical University,http://cmp.felk.cvut.cz/~svoboda,ec4ZOF0AAAAJ
Tomás Vojnar,Brno University of Technology,https://www.fit.vut.cz/person/vojnar,YbSGwKwAAAAJ
Tomáš Bureš,Charles University,https://d3s.mff.cuni.cz/people/tomasbures,V5ILAxAAAAAJ
Tona Henderson,Rochester Institute of Technology,https://www.rit.edu/gccis/igm/tona-henderson,NOSCHOLARPAGE
Tong Geng,University of Rochester,https://www.tonytgeng.com/,1B_nk28AAAAJ
Tong Li 0014,Renmin University of China,http://info.ruc.edu.cn/jsky/szdw/ajxjgcx/jsjkxyjsx1/fjs2/f37f06a19ae342ca9b31b9dcab7b6d69.htm,Kjay1aEAAAAJ
Tong Lin,Peking University,http://www.cis.pku.edu.cn/faculty/vision/lintong/default.htm,NOSCHOLARPAGE
Tong Shu,University of North Texas,https://computerscience.engineering.unt.edu/people/faculty/tong-shu,UzhVWU0AAAAJ
Tong Xu 0001,USTC,http://staff.ustc.edu.cn/~tongxu,2pYJyYUAAAAJ
Tong Yang 0003,Peking University,https://yangtonghome.github.io,zYDaX-4AAAAJ
Tong Zhang 0001,HKUST,http://tongzhang-ml.org,LurWtuYAAAAJ
Tong Zhao 0001,Peking University,http://net.pku.edu.cn/~zt,NOSCHOLARPAGE
Tong-Yee Lee,National Cheng Kung University,http://www.csie.ncku.edu.tw/ncku_csie/depmember/teacherdetail/id/8,V3PTB98AAAAJ
Tongliang Liu,University of Sydney,https://www.sydney.edu.au/engineering/about/our-people/academic-staff/tongliang-liu.html,EiLdZ_YAAAAJ
Tongwei Ren,Nanjing University,https://software.nju.edu.cn//rentw/index.html,WtnXVHoAAAAJ
Tongyang Li,Peking University,https://www.tongyangli.com,ny0ZgiQAAAAJ
Toni Kazic,University of Missouri,https://engineering.missouri.edu/faculty/toni-kazic,NOSCHOLARPAGE
Toni Lasilla,University of Leeds,https://eps.leeds.ac.uk/computing/staff/1542/dr-toni-lassila,aPCz3uwAAAAJ
Toni Mancini,Sapienza University of Rome,http://tmancini.di.uniroma1.it,uNjmJHUAAAAJ
Toniann Pitassi,Columbia University,https://www.cs.toronto.edu/~toni,NOSCHOLARPAGE
Tony F. Chan,KAUST,https://www.kaust.edu.sa/en/study/faculty/tony-chan,UO7McmEAAAAJ
Tony Fan-Cheong Chan,KAUST,https://www.kaust.edu.sa/en/study/faculty/tony-chan,UO7McmEAAAAJ
Tony Field,Imperial College London,http://wp.doc.ic.ac.uk/ajf,rn3Lg2wAAAAJ
Tony Givargis,Univ. of California - Irvine,https://www.ics.uci.edu/~givargis,bt2wk9EAAAAJ
Tony He,University of Technology Sydney,https://www.uts.edu.au/staff/tony.he1,x2Q5BscAAAAJ
Tony Hirst,Open University UK,http://stem.open.ac.uk/people/ajh59,NOSCHOLARPAGE
Tony Hosking,Australian National University,https://cs.anu.edu.au/people/tony-hosking,5LINiuEAAAAJ
Tony J. Prescott,University of Sheffield,https://www.sheffield.ac.uk/dcs/people/academic/tony-prescott,u2T4wjgAAAAJ
Tony Jebara,Columbia University,http://www.cs.columbia.edu/~jebara,Dn_qYK8AAAAJ
Tony Kusalik,University of Saskatchewan,http://artsandscience.usask.ca/profile/AKusalik,NOSCHOLARPAGE
Tony Lindeberg,KTH Royal Institute of Technology,https://www.kth.se/profile/tony,uySrc0MAAAAJ
Tony Nowatzki,Univ. of California - Los Angeles,http://www.cs.ucla.edu/~tjn,1hLMcNsAAAAJ
Tony P. Pridmore,University of Nottingham,https://www.nottingham.ac.uk/computerscience/people/tony.pridmore,vRAO44AAAAAJ
Tony Quek,SUTD,http://people.sutd.edu.sg/~tonyquek,0o1tkokAAAAJ
Tony R. Martinez,Brigham Young University,http://axon.cs.byu.edu/~martinez,R1JyT9AAAAAJ
Tony Russell-Rose,Goldsmiths University of London,https://www.gold.ac.uk/computing/staff/t-russell-rose,bqqQnxgAAAAJ
Tony Simons 0001,University of Sheffield,https://www.sheffield.ac.uk/dcs/people/academic/anthony-simons,25x8D34AAAAJ
Tony Sloane,Macquarie University,https://researchers.mq.edu.au/en/persons/anthony-sloane,Rje58OMAAAAJ
Tony Smith,University of Waikato,http://www.cms.waikato.ac.nz/people/tcs,mSp4V_4AAAAJ
Tony T. Luo,Missouri S&T,https://tluocs.github.io,4F60wpoAAAAJ
Tony Tan,National Taiwan University,https://www.csie.ntu.edu.tw/~tonytan,NOSCHOLARPAGE
Tony Veale,University College Dublin,https://people.ucd.ie/tony.veale,i8nJh5YAAAAJ
Tony Wauters,KU Leuven,https://people.cs.kuleuven.be/~tony.wauters,moTbWMUAAAAJ
Tony White,Carleton University,https://carleton.ca/scs/people/tony-white,EkUL_2kAAAAJ
Tony Wirth,University of Melbourne,http://people.eng.unimelb.edu.au/awirth,qVuN4MIAAAAJ
Tor Helleseth,University of Bergen,http://www.ii.uib.no/~torh,NOSCHOLARPAGE
Tor M. Aamodt,University of British Columbia,https://www.ece.ubc.ca/~aamodt,zCsB5XsAAAAJ
Torben Amtoft,Kansas State University,http://cis.ksu.edu/~tamtoft,NOSCHOLARPAGE
Torben Amtoft Hansen,Kansas State University,http://cis.ksu.edu/~tamtoft,NOSCHOLARPAGE
Torben Bach Pedersen,Aalborg University,http://people.cs.aau.dk/~tbp,XGzPuKEAAAAJ
Torben Hagerup,University of Augsburg,https://thiserver.informatik.uni-augsburg.de/personen/hagerup.html,NOSCHOLARPAGE
Torben Weis,University of Duisburg-Essen,https://www.vs.uni-due.de/mitarbeiter_weis.shtml,f2gnBw0AAAAJ
Torben Æ. Mogensen,University of Copenhagen,http://www.diku.dk/~torbenm,vjvvUioAAAAJ
Torben Ægidius Mogensen,University of Copenhagen,http://www.diku.dk/~torbenm,vjvvUioAAAAJ
Tore Risch,Uppsala University,http://user.it.uu.se/~torer,NOSCHOLARPAGE
Torleiv Kløve,University of Bergen,http://www.ii.uib.no/~torleiv/engelsk.html,NOSCHOLARPAGE
Torsten Braun,University of Bern,http://www.iam.unibe.ch/~braun,eL8OzgIAAAAJ
Torsten Eymann,University of Bayreuth,https://www.bwl7.uni-bayreuth.de/de/team/eymann_torsten/index.php,_3iS3B8AAAAJ
Torsten Grust,University of Tübingen,https://db.inf.uni-tuebingen.de/team/TorstenGrust.html,8z0TuC0AAAAJ
Torsten Hoefler,ETH Zurich,https://htor.inf.ethz.ch,DdBvcBEAAAAJ
Torsten Höfler,ETH Zurich,https://htor.inf.ethz.ch,DdBvcBEAAAAJ
Torsten Ingo Braun,University of Bern,http://www.iam.unibe.ch/~braun,eL8OzgIAAAAJ
Torsten Kroeger,Karlsruhe Institute of Technology,http://www.ipr.kit.edu/mitarbeiter_2538.php,bfec5vAAAAAJ
Torsten Kröger,Karlsruhe Institute of Technology,http://www.ipr.kit.edu/mitarbeiter_2538.php,bfec5vAAAAAJ
Torsten Muetze,University of Warwick,https://warwick.ac.uk/fac/sci/dcs/people/torsten_mutze,9232pxwAAAAJ
Torsten Möller,University of Vienna,https://cs.univie.ac.at/torsten.moeller,3cGVmqsAAAAJ
Torsten Mütze,University of Warwick,https://warwick.ac.uk/fac/sci/dcs/people/torsten_mutze,9232pxwAAAAJ
Torsten Sattler,Czech Technical University,https://tsattler.github.io,jzx6_ZIAAAAJ
Torsten Schaub,University of Potsdam,https://www.cs.uni-potsdam.de/wv/people/torsten,XknBv7MAAAAJ
Torsten Suel,New York University,http://engineering.nyu.edu/~suel,eQUn8ugAAAAJ
Torsten Söderström,Uppsala University,http://user.it.uu.se/~ts,NOSCHOLARPAGE
Torsten W. Kuhlen,RWTH Aachen University,http://www.vr.rwth-aachen.de/person/1/,O9ywg_UAAAAJ
Torsten Wolfgang Kuhlen,RWTH Aachen University,http://www.vr.rwth-aachen.de/person/1/,O9ywg_UAAAAJ
Torsten Zesch,University of Duisburg-Essen,https://www.ltl.uni-due.de/team/torsten-zesch,vWeDs00AAAAJ
Toru Ishida,Kyoto University,http://www.ai.soc.i.kyoto-u.ac.jp/~ishida,x11Wp_sAAAAJ
Toshiaki Murofushi,Tokyo Institute of Technology,http://www.fz.dis.titech.ac.jp/~murofusi,NOSCHOLARPAGE
Toshiharu Sugawara,Waseda University,http://www.isl.cs.waseda.ac.jp/~sugawara/index-j.html,NOSCHOLARPAGE
Toshihiko Yamasaki,University of Tokyo,https://www.hal.t.u-tokyo.ac.jp/~yamasaki/index-e.html,rE9iY5MAAAAJ
Toshio Aoyagi,Kyoto University,http://wwwfs.acs.i.kyoto-u.ac.jp/~aoyagi/DATA/TOP.html,NOSCHOLARPAGE
Toshio Endo,Tokyo Institute of Technology,http://www.el.gsic.titech.ac.jp/~endo/index.html.en,xP3NeMEAAAAJ
Toshiya Hachisuka,University of Waterloo,https://cs.uwaterloo.ca/~thachisu/,SPK8lekAAAAJ
Toshiyuki Amagasa,University of Tsukuba,http://www.kde.cs.tsukuba.ac.jp/~amagasa/hikifarm/home/?IndexE,L4hdfUUAAAAJ
Toshiyuki Nakata,University of Tokyo,http://www.ms.u-tokyo.ac.jp/~toshi,wXZ9Ym4AAAAJ
Toshiyuki Tanaka,Kyoto University,http://www-adsys.sys.i.kyoto-u.ac.jp/tt/Tanaka-e.html,J_bqd7EAAAAJ
Tova Milo,Tel Aviv University,http://www.math.tau.ac.il/~milo,X1-ovCkAAAAJ
Tovi Grossman,University of Toronto,http://www.tovigrossman.com,EZgkJ3sAAAAJ
Toygar Akgün,TOBB ETÜ,https://www.etu.edu.tr/en/bolum/computer-engineering/akademik-kadro?l=1#toygar-akgun,zJskGBsAAAAJ
Toyoaki Nishida,Kyoto University,https://www.ii.ist.i.kyoto-u.ac.jp/?page_id=181&lang=en,yBpGoLMAAAAJ
Tracey Ho,California Institute of Technology,http://www.its.caltech.edu/~tho,bI2zeOUAAAAJ
Tracy Anne Hammond,Texas A&M University,http://srl.tamu.edu,NOSCHOLARPAGE
Tracy Camp,Colorado School of Mines,http://www.mines.edu/~tcamp,8TyIlFgAAAAJ
Tracy Hall,Lancaster University,https://www.lancaster.ac.uk/scc/about-us/people/tracy-hall,TPQhlqgAAAAJ
Tracy Hammond,Texas A&M University,http://srl.tamu.edu,NOSCHOLARPAGE
Tracy Larrabee,Univ. of California - Santa Cruz,https://www.soe.ucsc.edu/people/larrabee,NOSCHOLARPAGE
Tran Cao Son,New Mexico State University,http://www.cs.nmsu.edu/~tson,7jKj_NcAAAAJ
Tran Trung Duy,PTIT,http://www.trantrungduy.edu.vn/,9sVDBIoAAAAJ
Travis Atkison,The University of Alabama,http://atkison.cs.ua.edu,NOSCHOLARPAGE
Travis D. Breaux,Carnegie Mellon University,https://www.cs.cmu.edu/~breaux,SjiG_ZsAAAAJ
Travis Desell,Rochester Institute of Technology,http://http://tdesell.cs.und.edu,K9xdZDkAAAAJ
Travis J. Desell,Rochester Institute of Technology,http://http://tdesell.cs.und.edu,K9xdZDkAAAAJ
Trent Jaeger,Univ. of California - Riverside,http://www.trentjaeger.com,JS8aznIAAAAJ
Trevor Alexander Brown,University of Waterloo,http://www.cs.toronto.edu/~tabrown,MaSuaDkAAAAJ
Trevor Anthony Cohn,University of Melbourne,http://people.eng.unimelb.edu.au/tcohn,FCom398AAAAJ
Trevor Brown 0001,University of Waterloo,http://www.cs.toronto.edu/~tabrown,MaSuaDkAAAAJ
Trevor Cohn,University of Melbourne,http://people.eng.unimelb.edu.au/tcohn,FCom398AAAAJ
Trevor Darrell,Univ. of California - Berkeley,https://people.eecs.berkeley.edu/~trevor,bh-uRFMAAAAJ
Trevor E. Carlson,National University of Singapore,https://www.comp.nus.edu.sg/~tcarlson,bUK5DP4AAAAJ
Trevor Erik Carlson,National University of Singapore,https://www.comp.nus.edu.sg/~tcarlson,bUK5DP4AAAAJ
Trevor I. Fenner,Birkbeck University of London,https://www.dcs.bbk.ac.uk/about/people/academic-staff/trevor,NOSCHOLARPAGE
Trevor L. McDonell,Utrecht University,https://tmcdonell.github.io,v6l6VB8AAAAJ
Trevor N. Mudge,University of Michigan,http://web.eecs.umich.edu/~tnm,d1KEK84AAAAJ
Tricha Anjali,IIIT Bangalore,http://www.iiitb.ac.in/faculty_page.php?name=TrichaAnjali,Xxqp1TUAAAAJ
Trienko L. Grobler,Stellenbosch University,http://www.cs.sun.ac.za/people/academic,R-voJbEAAAAJ
Trienko Lups Grobler,Stellenbosch University,http://www.cs.sun.ac.za/people/academic,R-voJbEAAAAJ
Trilce Estrada,University of New Mexico,http://www.cs.unm.edu/~estrada/trilce/pmwiki.php,pwzksPcAAAAJ
Trinabh Gupta,Univ. of California - Santa Barbara,https://www.cs.ucsb.edu/~trinabh,U37HVOcAAAAJ
Tristan Caulfield,University College London,https://iris.ucl.ac.uk/iris/browse/profile?upi=TCAUL00,WN-vzZ8AAAAJ
Tristan Cazenave,Université Paris Dauphine,https://www.lamsade.dauphine.fr/~cazenave/,FLamzMUAAAAJ
Tristan Glatard,Concordia University,http://scholar.google.fr/citations?user=HpsswVgAAAAJ,HpsswVgAAAAJ
Tristan Henderson,University of St Andrews,https://tnhh.org,D7ogj-kAAAAJ
Troels Bjerre Lund,IT University of Copenhagen,http://www.itu.dk/people/trbj,2tOriSoAAAAJ
Troels Bjerre Sørensen,IT University of Copenhagen,http://www.itu.dk/people/trbj,2tOriSoAAAAJ
Trond Aalberg,NTNU,https://www.ntnu.edu/employees/trondaal,8UTZJ0wAAAAJ
Trond Steihaug,University of Bergen,http://www.ii.uib.no/~trond,NOSCHOLARPAGE
Trong Nghia Hoang,Washington State University,https://school.eecs.wsu.edu/faculty/profile/?nid=trongnghia.hoang,E-kZZeQAAAAJ
Troy Bruggemann,Queensland University of Technology,https://research.qut.edu.au/qcr/people/troy-bruggemann,WcumWs8AAAAJ
Troy Lee,University of Technology Sydney,https://www.uts.edu.au/staff/troy.lee,iSjOah4AAAAJ
Troy McDaniel,Arizona State University,https://search.asu.edu/profile/286669,jn0yx4QAAAAJ
Trung Q. Duong,Queen's University Belfast,https://www.qub.ac.uk/schools/eeecs/Connect/Staff/BusinessCard/?name=trung.q.duong,PwsDdmEAAAAJ
Trung Quang Duong,Queen's University Belfast,https://www.qub.ac.uk/schools/eeecs/Connect/Staff/BusinessCard/?name=trung.q.duong,PwsDdmEAAAAJ
Truong Nghiem,Northern Arizona University,https://nau.edu/siccs/faculty,ELMp9FMAAAAJ
Truong X. Nghiem,Northern Arizona University,https://nau.edu/siccs/faculty,ELMp9FMAAAAJ
Tsaipei Wang,National Chiao Tung University,http://www.cis.nctu.edu.tw/~wangts,NOSCHOLARPAGE
Tsang Ing Ren,UFPE,https://lattes.cnpq.br/3084134533707587,TdlHZ0kAAAAJ
Tse-Hsun (Peter) Chen,Concordia University,http://petertsehsun.github.io,gUBD7x0AAAAJ
Tse-Hsun Chen,Concordia University,http://petertsehsun.github.io,gUBD7x0AAAAJ
Tse-Hsun Peter Chen,Concordia University,http://petertsehsun.github.io,gUBD7x0AAAAJ
Tsi-Ui Ik,National Chiao Tung University,http://people.cs.nctu.edu.tw/~yi,NOSCHOLARPAGE
Tsu-Han Chen,Cornell University,https://www.ece.cornell.edu/people/profile.cfm?netid=tc345,NOSCHOLARPAGE
Tsu-Jae King Liu,Univ. of California - Berkeley,https://www.eecs.berkeley.edu/~tking,lMUmE_UAAAAJ
Tsuhan Chen,National University of Singapore,http://www.nus.edu.sg/about/management/chen-tsuhan,syCMBRIAAAAJ
Tsui-Wei Weng,Univ. of California - San Diego,https://lilyweng.github.io,v8GM4xoAAAAJ
Tsung-Hui Chang,CUHK (SZ),https://myweb.cuhk.edu.cn/changtsunghui/Home,FilDDCUAAAAJ
Tsung-Yi Ho,Chinese University of Hong Kong,https://www.cse.cuhk.edu.hk/people/faculty/tsung-yi-ho,TRDUYkAAAAAJ
Tsuyoshi Murata,Tokyo Institute of Technology,http://www.net.c.titech.ac.jp/index.html,NOSCHOLARPAGE
Tsvi Kopelowitz,Bar-Ilan University,https://sites.google.com/site/kopelot,P83OkWUAAAAJ
Tsz Chiu Kwok,SUFE,http://itcs.shufe.edu.cn/tckwok,579buxIAAAAJ
Tsz Hon Yuen,University of Hong Kong,https://thyuen.github.io,aVLlo-gAAAAJ
Tsz-Chiu Au,UNIST,http://ai.unist.ac.kr/~chiu,2CTRfewAAAAJ
Tsì-Uí Ik,National Chiao Tung University,http://people.cs.nctu.edu.tw/~yi,NOSCHOLARPAGE
Tu Minh Phuong,PTIT,https://sites.google.com/view/tmphuong/,yJvNgd4AAAAJ
Tu Vu,Virginia Tech,https://tuvllms.github.io/,tOevwEEAAAAJ
Tuan M. V. Le,New Mexico State University,https://sites.google.com/site/vmtuanle,dkt80HIAAAAJ
Tuba Yavuz,University of Florida,http://www.tuba.ece.ufl.edu,NOSCHOLARPAGE
Tuba Yavuz-Kahveci,University of Florida,http://www.tuba.ece.ufl.edu,NOSCHOLARPAGE
Tucker Balch,Georgia Institute of Technology,http://www.cc.gatech.edu/home/tucker,jM1cT4QAAAAJ
Tucker Hermans,University of Utah,http://www.cs.utah.edu/~thermans,VbMNUXoAAAAJ
Tucker Hybinette Balch,Georgia Institute of Technology,http://www.cc.gatech.edu/home/tucker,jM1cT4QAAAAJ
Tucker R. Balch,Georgia Institute of Technology,http://www.cc.gatech.edu/home/tucker,jM1cT4QAAAAJ
Tudor Dumitras,University of Maryland - College Park,http://users.umiacs.umd.edu/~tdumitra,f6terwoAAAAJ
Tue Herlau,DTU,https://www.compute.dtu.dk/english,NOSCHOLARPAGE
Tugkan Tuglular,Izmir Institute of Technology,http://ceng.iyte.edu.tr/people/tugkan-tuglular,5FyBmLkAAAAJ
Tugrulcan Elmas,University of Edinburgh,http://www.inf.ed.ac.uk/people/staff/Tj_Elmas.html,0oyamTsAAAAJ
Tulika Mitra,National University of Singapore,http://www.comp.nus.edu.sg/~tulika,ajeWJ4UAAAAJ
Tullio Vardanega,University of Padova,https://www.math.unipd.it/~tullio,arxht7cAAAAJ
Tun Lu,Fudan University,http://cscw.fudan.edu.cn/%E7%A7%91%E7%A0%94%E9%98%9F%E4%BC%8D/%E6%95%99%E5%B8%88%E5%8F%8A%E5%8D%9A%E5%A3%AB%E5%90%8E/%E5%8D%A2%E6%9A%BE,VYEL_GQAAAAJ
Tuna Tugcu,Boğaziçi University,http://www.cmpe.boun.edu.tr/~tugcu,aN_VUtQAAAAJ
Tunca Dogan,Hacettepe University,http://yunus.hacettepe.edu.tr/~tuncadogan,tHnMNPEAAAAJ
Tung Nguyen,Utah State University,http://www.math.usu.edu/nnguyen,NOSCHOLARPAGE
Tunga Gungor,Boğaziçi University,https://www.cmpe.boun.edu.tr/~gungort,oymuGoYAAAAJ
Tunga Güngör,Boğaziçi University,https://www.cmpe.boun.edu.tr/~gungort,oymuGoYAAAAJ
Tuo Zhao,Georgia Institute of Technology,https://www2.isye.gatech.edu/~tzhao80,EJXN6tYAAAAJ
Tuomas Aura,Aalto University,https://people.aalto.fi/new/tuomas.aura,izj4P5gAAAAJ
Tuomas Sandholm,Carnegie Mellon University,http://www.cs.cmu.edu/~sandholm,0DpK1EMAAAAJ
Tuomas Virtanen,Tampere University,https://www.tuni.fi/en/tuomas-virtanen,hRjwVoMAAAAJ
Turgay Korkmaz,University of Texas at San Antonio,http://www.cs.utsa.edu/~korkmaz,yBuIVfIAAAAJ
Tushar Jain,IIT Mandi,http://faculty.iitmandi.ac.in/~tushar,RPol2lkAAAAJ
Tushar Krishna,Georgia Institute of Technology,http://tusharkrishna.ece.gatech.edu,P__ztgcAAAAJ
Tushar Sharma 0001,Dalhousie University,http://www.tusharma.in,VHjAIe8AAAAJ
Tuukka Ruotsalo,University of Copenhagen,https://di.ku.dk/english/staff/?pure=en/persons/679001,Dwj2B9EAAAAJ
Tuvi Etzion,Technion,http://www.cs.technion.ac.il/people/etzion,dnM-TsAAAAAJ
Tyge Tiessen,DTU,https://orbit.dtu.dk/en/persons/jens-tyge-tiessen,W_qU3EYAAAAJ
Tyler Derr,Vanderbilt University,https://tylersnetwork.github.io,et6IhFcAAAAJ
Tyler Moore 0001,University of Tulsa,https://tylermoore.ens.utulsa.edu,JtTsVAkAAAAJ
Tyler N. Allen,UNC - Charlotte,https://webpages.charlotte.edu/~tallen93/,oRL0c28AAAAJ
Tyler Sorensen 0001,Univ. of California - Santa Cruz,https://users.soe.ucsc.edu/~tsorensen,Ax7ebzoAAAAJ
Tyler W. Moore,University of Tulsa,https://tylermoore.ens.utulsa.edu,JtTsVAkAAAAJ
Tyrone E. Duncan,University of Kansas,https://www.math.ku.edu/people/faculty/duncan.html,NOSCHOLARPAGE
Tze Sing Eugene Ng,Rice University,https://www.cs.rice.edu/~eugeneng,P07ZE9sAAAAJ
Tze-Yun Leong,National University of Singapore,https://www.comp.nus.edu.sg/~leongty,GJXdZuwAAAAJ
Tzipora Halevi,CUNY,https://thalevi.github.io/,LgwWoI0AAAAJ
Tzonelih Hwang,National Cheng Kung University,http://www.csie.ncku.edu.tw/ncku_csie/depmember/teacherdetail/id/4,NOSCHOLARPAGE
Tzu-Chien Hsiao,National Chiao Tung University,https://sites.google.com/site/labview704/About-Us/TC,JPMrsz0AAAAJ
Tzu-Mao Li,Univ. of California - San Diego,https://people.csail.mit.edu/tzumao,Y7MCOdYAAAAJ
Tõnu Tamme,University of Tartu,http://www.ut.ee/en/tonu-tamme,076eOUoAAAAJ
Tülay Adali,Univ. of Maryland - Baltimore County,http://www.csee.umbc.edu/~adali,KgjUnawAAAAJ
