name,affiliation,homepage,scholarid
Agnes Hui Chan,Northeastern University,http://www.ccs.neu.edu/home/ahchan,NOSCHOLARPAGE
Amir Averbuch,Tel Aviv University,http://www.cs.tau.ac.il/~amir1,W5hdNOgAAAAJ
Amiram Yehudai,Tel Aviv University,http://www.cs.tau.ac.il/~amiramy,NOSCHOLARPAGE
Amos Fiat,Tel Aviv University,http://www.cs.tau.ac.il/~fiat,0MzVIUsAAAAJ
Andrew Klapper,University of Kentucky,https://www.engr.uky.edu/directory/klapper-andrew,nn3Fx0cAAAAJ
Aristides A. G. Requicha,University of Southern California,http://ee.usc.edu/faculty_staff/faculty_directory/requicha.htm,NOSCHOLARPAGE
Bernd Hamann,Univ. of California - Davis,http://graphics.cs.ucdavis.edu/~hamann,aNRlTa8AAAAJ
Biswanath Mukherjee,Univ. of California - Davis,http://networks.cs.ucdavis.edu/~mukherje,ytXtLjkAAAAJ
Dan Gusfield,Univ. of California - Davis,http://www.cs.ucdavis.edu/~gusfield,VoAHydgAAAAJ
Daniel Gusfield,Univ. of California - Davis,http://www.cs.ucdavis.edu/~gusfield,VoAHydgAAAAJ
David A. Wood 0001,University of Wisconsin - Madison,http://pages.cs.wisc.edu/~david,UCiXhq4AAAAJ
David P. Dobkin,Princeton University,https://www.cs.princeton.edu/people/profile/dpd,NOSCHOLARPAGE
Derek G. Corneil,University of Toronto,http://www.cs.toronto.edu/theory/Corneil-bio.htm/,XiTfJCsAAAAJ
Edward W. Felten,Princeton University,https://www.cs.princeton.edu/~felten,watx0IAAAAAJ
Eliot Moss,University of Massachusetts Amherst,https://people.cs.umass.edu/~moss,yYtaDFUAAAAJ
Frank Vahid,Univ. of California - Riverside,http://www.cs.ucr.edu/~vahid,qu3rpc0AAAAJ
George A. Bekey,University of Southern California,http://www-robotics.usc.edu/~bekey,NOSCHOLARPAGE
George S. Avrunin,University of Massachusetts Amherst,http://ext.math.umass.edu/~avrunin,NOSCHOLARPAGE
Harriet J. Fell,Northeastern University,http://www.ccs.neu.edu/home/fell,glFPEWIAAAAJ
Hector J. Levesque,University of Toronto,https://www.cs.toronto.edu/~hector/,NOSCHOLARPAGE
Hezy Yeshurun,Tel Aviv University,https://english.tau.ac.il/profile/hezy,NOSCHOLARPAGE
Iris Bahar,Brown University,http://cs.brown.edu/people/irisbahar,kfIj9oYAAAAJ
J Strother Moore,University of Texas at Austin,https://www.cs.utexas.edu/users/moore,NOSCHOLARPAGE
J. Eliot B. Moss,University of Massachusetts Amherst,https://people.cs.umass.edu/~moss,yYtaDFUAAAAJ
James F. Kurose,University of Massachusetts Amherst,http://www-net.cs.umass.edu/personnel/kurose.html,ogj8ppAAAAAJ
James H. Cross,Auburn University,http://www.eng.auburn.edu/~cross,qOHTo_oAAAAJ
James H. Cross II,Auburn University,http://www.eng.auburn.edu/~cross,qOHTo_oAAAAJ
Jan van den Berg,TU Delft,https://www.tudelft.nl/en/tpm/about-the-faculty/departments/engineering-systems-and-services/people/professors-emeriti/profdrir-j-jan-van-den-berg,p8-kZTAAAAAJ
Jim Kurose,University of Massachusetts Amherst,http://www-net.cs.umass.edu/personnel/kurose.html,ogj8ppAAAAAJ
John Mylopoulos,University of Toronto,http://www.cs.toronto.edu/~jm/,mQ6mh20AAAAJ
Jonathan Turner,Washington University in St. Louis,http://www.arl.wustl.edu/~jst,Cgx9W6UAAAAJ
Kai H. Chang,Auburn University,http://www.eng.auburn.edu/~kchang,NOSCHOLARPAGE
Karl N. Levitt,Univ. of California - Davis,http://faculty.engineering.ucdavis.edu/levitt,NOSCHOLARPAGE
Keh-Hsun Chen,UNC - Charlotte,https://webpages.uncc.edu/chen,NOSCHOLARPAGE
Ken Baclawski,Northeastern University,http://www.ccs.neu.edu/home/kenb,Vwi6Ya8AAAAJ
Larry A. Finkelstein,Northeastern University,http://www.ccis.northeastern.edu/people/larry-finkelstein,I4iKZSkAAAAJ
Larry Davis 0001,University of Maryland - College Park,http://www.umiacs.umd.edu/~lsd,lc0ARagAAAAJ
Larry S. Davis,University of Maryland - College Park,http://www.umiacs.umd.edu/~lsd,lc0ARagAAAAJ
Larry Smarr,University of California - San Diego,http://lsmarr.calit2.net,oZafLf4AAAAJ
Laxmi N. Bhuyan,Univ. of California - Riverside,http://www.cs.ucr.edu/~bhuyan,NOSCHOLARPAGE
Laxmi Narayan Bhuyan,Univ. of California - Riverside,http://www.cs.ucr.edu/~bhuyan,NOSCHOLARPAGE
Mark D. Hill,University of Wisconsin - Madison,http://pages.cs.wisc.edu/~markhill,7lVfIWYAAAAJ
Mart L. Molle,Univ. of California - Riverside,http://www.cs.ucr.edu/~mart,NOSCHOLARPAGE
Mart Molle,Univ. of California - Riverside,http://www.cs.ucr.edu/~mart,NOSCHOLARPAGE
Micha Sharir,Tel Aviv University,http://www.math.tau.ac.il/~michas,NOSCHOLARPAGE
Michael A. Arbib,University of Southern California,http://neuroinformatics.usc.edu/members/dr-michael-a-arbib,it1vhYAAAAAJ
Michael J. Pazzani,Univ. of California - Riverside,http://research.ucr.edu/vcr.aspx,bhO5bMAAAAAJ
Michael Tarsi,Tel Aviv University,https://en-exact-sciences.tau.ac.il/profile/tarsi,NOSCHOLARPAGE
Mitchell Wand,Northeastern University,http://www.ccs.neu.edu/home/wand,Y0E0lsgAAAAJ
Nachum Dershowitz,Tel Aviv University,http://www.cs.tau.ac.il/~nachumd,NOSCHOLARPAGE
Neal E. Young,Univ. of California - Riverside,http://www.cs.ucr.edu/~neal,_nyTrU0AAAAJ
Neil Immerman,University of Massachusetts Amherst,https://people.cs.umass.edu/~immerman,DbZWZr8AAAAJ
Nelson Max,Univ. of California - Davis,http://faculty.engineering.ucdavis.edu/max,XXoJ5n4AAAAJ
Nina Amenta,Univ. of California - Davis,http://www.cs.ucdavis.edu/~amenta,ZzNrbIUAAAAJ
Noga Alon,Tel Aviv University,http://www.tau.ac.il/~nogaa,vOYl40wAAAAJ
Norman S. Matloff,Univ. of California - Davis,http://faculty.engineering.ucdavis.edu/matloff,NOSCHOLARPAGE
Prem Devanbu,Univ. of California - Davis,https://web.cs.ucdavis.edu/~devanbu/,tQ5vbOAAAAAJ
Premkumar T. Devanbu,Univ. of California - Davis,https://web.cs.ucdavis.edu/~devanbu/,tQ5vbOAAAAAJ
R. Iris Bahar,Brown University,http://cs.brown.edu/people/irisbahar,kfIj9oYAAAAJ
Radford M. Neal,University of Toronto,http://www.cs.toronto.edu/~radford/,rr8pZoUAAAAJ
Richard E. Ladner,University of Washington,http://www.cs.washington.edu/people/faculty/ladner,hgOSI1EAAAAJ
Richard N. Taylor,University of California - Irvine,https://www.ics.uci.edu/~taylor,h9t7KCcAAAAJ
Richard Rasala,Northeastern University,http://www.ccs.neu.edu/home/rasala,NOSCHOLARPAGE
Robert Moll,University of Massachusetts Amherst,https://www.cics.umass.edu/faculty/directory/moll_robert,NOSCHOLARPAGE
Robert N. Moll,University of Massachusetts Amherst,https://www.cics.umass.edu/faculty/directory/moll_robert,NOSCHOLARPAGE
Robert Sedgewick,Princeton University,https://www.cs.princeton.edu/~rs,dc3FV3sAAAAJ
Ronald A. Olsson,Univ. of California - Davis,http://www.cs.ucdavis.edu/~olsson,NOSCHOLARPAGE
Ronald Baecker,University of Toronto,http://ron.taglab.ca/,-X6Rj5EAAAAJ
Ruth Iris Bahar,Brown University,http://cs.brown.edu/people/irisbahar,kfIj9oYAAAAJ
Stuart Smith,University of Massachusetts Lowell,https://www.uml.edu/Sciences/computer-science/faculty/emeritus-faculty/smith-stuart.aspx,PLH8f6MAAAAJ
Thomas H. Cormen,Dartmouth College,http://www.cs.dartmouth.edu/~thc,V5FJ6pIAAAAJ
V. Wiktor Marek,University of Kentucky,https://www.cs.uky.edu/~marek,NOSCHOLARPAGE
Victor W. Marek,University of Kentucky,https://www.cs.uky.edu/~marek,NOSCHOLARPAGE
Viera K. Proulx,Northeastern University,http://www.ccs.neu.edu/home/vkp,NOSCHOLARPAGE
W. Bruce Croft,University of Massachusetts Amherst,http://ciir.cs.umass.edu/croft/,ArV74ZMAAAAJ
William D. Clinger,Northeastern University,http://www.ccis.northeastern.edu/people/william-d-clinger,NOSCHOLARPAGE
Yehezkel Yeshurun,Tel Aviv University,https://english.tau.ac.il/profile/hezy,NOSCHOLARPAGE
Yehuda Afek,Tel Aviv University,http://www.cs.tau.ac.il/~afek,pYasE5oAAAAJ
